Customer_Name,Car_MakeName,Car_Model,Car_Series,Car_SeriesYear,Store_Name,Pickup_Or_Return_Date,Pickup_Or_Return
Shannon H,SAAB,9000,CD 16,1993,Alexandria,20070112,Pickup
Shannon A,AUDI,A4,B6 2.0 AVANT,2003,Alexandria,20061203,Pickup
Maurice G,MITSUBISHI,380,DB,2005,Alexandria,20061024,Pickup
Rafael H,MAZDA,323,ASTINA,1993,Alexandria,20060914,Pickup
Rafael H,MAZDA,323,ASTINA,1993,Alexandria,20060914,Return
Maurice G,CHRYSLER,VOYAGER,RG SE,2002,Alexandria,20060805,Pickup
Maurice G,CHRYSLER,VOYAGER,RG SE,2002,Alexandria,20060813,Return
Luke A,PEUGEOT,206,CC,2006,Alexandria,20060626,Pickup
Cara Z,VOLVO,S40,MY06 T5 AWD,2006,Alexandria,20060517,Pickup
Cara Z,VOLVO,S40,MY06 T5 AWD,2006,Alexandria,20060525,Return
Xavier L,RENAULT,MEGANE,EXPRESSION,2002,Alexandria,20060407,Pickup
Shannon L,ALFA ROMEO,156,2.0 SELESPEED TWIN SPARK,1999,Alexandria,20060117,Pickup
Leslie M,VOLKSWAGEN,GOLF,1K 2.0 FSI COMFORTLINE,2005,Alexandria,20051117,Return
Wyatt H,BMW,3,E90 20i EXECUTIVE,2005,Alexandria,20050810,Pickup
Wyatt H,BMW,3,E90 20i EXECUTIVE,2005,Alexandria,20050819,Return
Ana P,BMW,3,E90 20i EXECUTIVE,2005,Alexandria,20050810,Return
Randy S,MAZDA,323,ASTINA SHADES,2000,Coffs Harbour,20060916,Pickup
Kyle S,CHRYSLER,CROSSFIRE,ZH ROADSTER,2005,Coffs Harbour,20060807,Pickup
Trevor J,PEUGEOT,307,XSE,2004,Coffs Harbour,20060628,Pickup
Katelyn H,VOLVO,8,50 GLE,1992,Coffs Harbour,20060409,Pickup
Katelyn H,VOLVO,8,50 GLE,1992,Coffs Harbour,20060417,Return
Victoria S,ALFA ROMEO,147,2.0 TWIN SPARK,2003,Coffs Harbour,20060119,Pickup
Megan W,VOLKSWAGEN,POLO,OPEN AIR,1999,Coffs Harbour,20051210,Pickup
Jason W,VOLKSWAGEN,GOLF,1K 2.0 TDI COMFORTLINE,2007,Coffs Harbour,20051030,Pickup
Jason W,VOLKSWAGEN,GOLF,1K 2.0 TDI COMFORTLINE,2007,Coffs Harbour,20051118,Return
Caleb P,MAZDA,929,LUXURY,1986,Darlinghurst,20070114,Pickup
Maurice G,MITSUBISHI,380,DB,2005,Darlinghurst,20061026,Pickup
Maurice G,MITSUBISHI,380,DB,2005,Darlinghurst,20061026,Return
Katrina B,MAZDA,323,ASTINA,1996,Darlinghurst,20060916,Pickup
Randy S,CHRYSLER,VOYAGER,GS SE,1999,Darlinghurst,20060807,Pickup
Randy S,CHRYSLER,VOYAGER,GS SE,1999,Darlinghurst,20060812,Return
Terrence C,NISSAN,200,SX SPORTS LIMITED,1994,Darlinghurst,20060519,Pickup
Clinton C,VOLKSWAGEN,PASSAT,3B 1.8T,2002,Darlinghurst,20051031,Pickup
Gilbert R,BMW,3,18i,1986,Darlinghurst,20050921,Pickup
Gilbert R,BMW,3,18i,1986,Darlinghurst,20050926,Return
Ashlee A,BMW,X5,E53 3.0i,2004,Darlinghurst,20050812,Pickup
Daniel J,BMW,X5,E53 3.0i,2004,Darlinghurst,20050812,Return
Sydney B,LAND ROVER,DISCOVERY 3,HSE,2006,Darlinghurst,20050703,Pickup
Lucas E,AUDI,S3,1.8,2000,Goulburn,20061207,Pickup
Maurice G,MAZDA,323,ASTINA,1998,Goulburn,20060918,Pickup
Maurice G,CHRYSLER,PT CRUISER,MY06 CLASSIC,2005,Goulburn,20060809,Pickup
Luke A,PEUGEOT,206,XR,2004,Goulburn,20060629,Pickup
Carrie O,NISSAN,200,SX SPORTS,1996,Goulburn,20060521,Pickup
Cara Z,NISSAN,200,SX SPORTS,1996,Goulburn,20060521,Return
Johnathan V,VOLVO,XC70,05 UPGRADE II LIFESTYLE EDITION LE,2005,Goulburn,20060411,Pickup
Olivia B,MERCEDES-BENZ,A190,W168 LWB ELEGANCE,2004,Goulburn,20060302,Pickup
Katelyn H,MERCEDES-BENZ,ML,W163 270 CDI 4x4,2002,Goulburn,20060121,Pickup
Megan W,MERCEDES-BENZ,ML,W163 270 CDI 4x4,2002,Goulburn,20060121,Return
Jacquelyn S,BMW,3,E36 18is SPORT,1998,Goulburn,20050923,Pickup
Jacquelyn S,BMW,3,E36 18is SPORT,1998,Goulburn,20051010,Return
Caleb P,SAAB,9-Mar,S,2001,Lane Cove,20070116,Pickup
Sharon L,AUDI,A3,8P SPORTBACK 2.0 TDI AMBITION DSG,2006,Lane Cove,20061207,Pickup
Rafael H,CHRYSLER,PT CRUISER,CLASSIC,2001,Lane Cove,20060809,Pickup
Luke A,PEUGEOT,307,MY06 UPGRADE XSE HDi 2.0 TOURING,2006,Lane Cove,20060630,Pickup
Cynthia M,NISSAN,200,S15 SX SPEC S,2002,Lane Cove,20060521,Pickup
Cynthia M,NISSAN,200,S15 SX SPEC S,2002,Lane Cove,20060529,Return
Ana P,MERCEDES-BENZ,180,E LIMITED EDITION,1994,Lane Cove,20060302,Pickup
Xavier L,MERCEDES-BENZ,ML,W163 320 LUXURY 4x4,2002,Lane Cove,20060121,Pickup
Jason W,VOLKSWAGEN,PASSAT,3C 2.0T FSI,2006,Lane Cove,20051212,Pickup
Clinton C,VOLKSWAGEN,GOLF,GLE,1999,Lane Cove,20051102,Pickup
Clinton C,VOLKSWAGEN,GOLF,GLE,1999,Lane Cove,20051111,Return
Ana P,BMW,7,35i,1984,Lane Cove,20050814,Pickup
Ana P,BMW,7,35i,1984,Lane Cove,20050823,Return
Wyatt H,BMW,7,35i,1984,Lane Cove,20050814,Return
Curtis L,LAND ROVER,DISCOVERY,Tdi 4x4,1996,Lane Cove,20050705,Pickup
Curtis L,LAND ROVER,DISCOVERY,Tdi 4x4,1996,Lane Cove,20050710,Return
Frederick S,AUDI,A3,1.8,1999,Lavender Bay,20061208,Pickup
Katrina B,MAZDA,323,PROTEGE,2003,Lavender Bay,20060922,Pickup
Katrina B,MAZDA,323,PROTEGE,2003,Lavender Bay,20060928,Return
Megan S,NULL,NULL,NULL,NULL,Lavender Bay,20060810,Pickup
Katelyn H,RENAULT,MEGANE,PRIVILEGE,2004,Lavender Bay,20060412,Pickup
Victoria S,MERCEDES-BENZ,C180,W203 KOMPRESSOR AVANTGARDE,2002,Lavender Bay,20060125,Pickup
Megan W,VOLKSWAGEN,TOUAREG,7L R5 TDi LUXURY,2005,Lavender Bay,20051213,Pickup
Deanna M,NULL,NULL,NULL,NULL,Lavender Bay,20051012,Return
Curtis L,LAND ROVER,DISCOVERY,ES V8 4x4,1999,Lavender Bay,20050709,Pickup
Sydney S,AUDI,A3,1.8 TURBO,2004,Malabar,20061209,Pickup
Shannon A,AUDI,A3,1.8 TURBO,2004,Malabar,20061209,Return
Rafael H,MITSUBISHI,380,DB,2005,Malabar,20061030,Pickup
Maurice G,MITSUBISHI,380,DB,2005,Malabar,20061110,Return
Kyle S,MAZDA,323,ASTINA,2003,Malabar,20060920,Pickup
Luke A,PEUGEOT,307,MY06 UPGRADE XSE HDi 2.0,2006,Malabar,20060702,Pickup
Olivia B,MERCEDES-BENZ,CLK230,KOMP ELEGANCE,2000,Malabar,20060304,Pickup
José H,MERCEDES-BENZ,ML,320 LUXURY 4x4,2000,Malabar,20060123,Pickup
José H,MERCEDES-BENZ,ML,320 LUXURY 4x4,2000,Malabar,20060212,Return
Megan W,VOLKSWAGEN,PASSAT,3C 3.2 V6 FSI,2006,Malabar,20051214,Pickup
Alvin C,VOLKSWAGEN,MULTIVAN,T5 COMFORTLINE 4MOTION,2006,Malabar,20051104,Pickup
Marc D,BMW,5,25i,1991,Malabar,20050925,Pickup
Marc D,BMW,5,25i,1991,Malabar,20051013,Return
Ana P,BMW,3,20i,1989,Malabar,20050816,Pickup
Sydney B,LAND ROVER,DISCOVERY,SERIES II SE 4x4,2004,Malabar,20050707,Pickup
Sharon L,AUDI,TT,QUATTRO,2004,Matraville,20061211,Pickup
Frederick S,MAZDA,626,CLASSIC,1998,Matraville,20061120,Return
Randy S,MITSUBISHI,380,DB,2005,Matraville,20061031,Pickup
Rafael H,MITSUBISHI,380,DB,2005,Matraville,20061112,Return
Katrina B,CHRYSLER,GRAND VOYAGER,RG SE,2004,Matraville,20060813,Pickup
Jade B,PEUGEOT,206,XT,2000,Matraville,20060712,Return
Trevor J,PEUGEOT,206,XT,2000,Matraville,20060704,Pickup
Cynthia M,NISSAN,200,S15 SX SPEC S,2001,Matraville,20060525,Pickup
Victoria S,MERCEDES-BENZ,A190,W168 AVANTGARDE,2000,Matraville,20060408,Return
Jason W,VOLKSWAGEN,POLO,9N S,2002,Matraville,20051106,Pickup
Jason W,VOLKSWAGEN,POLO,9N S,2002,Matraville,20051113,Return
Wyatt H,LAND ROVER,DISCOVERY,SERIES II S 4x4,2003,Matraville,20050709,Pickup
Lauren W,LAND ROVER,DISCOVERY,SERIES II S 4x4,2003,Matraville,20050709,Return
Alyssa H,MAZDA,929,LUXURY,1986,Milsons Point,20070207,Pickup
Dalton D,MAZDA,929,LUXURY,1986,Milsons Point,20070207,Return
Jerome N,SAAB,9-Mar,MY02 AERO,2002,Milsons Point,20070106,Pickup
Jerome N,SAAB,9000,CS ANNIVERSARY,1998,Milsons Point,20061229,Pickup
Dalton D,SAAB,9-Mar,MY02 AERO,2002,Milsons Point,20070105,Return
Sydney S,AUDI,A3,1.8,2002,Milsons Point,20061211,Pickup
Randy S,MAZDA,323,ASTINA SHADES,1998,Milsons Point,20060922,Pickup
Katrina B,CHRYSLER,NEON,SE,1997,Milsons Point,20060813,Pickup
Katrina B,CHRYSLER,NEON,SE,1997,Milsons Point,20060822,Return
Hailey W,CHRYSLER,NEON,SE,1997,Milsons Point,20060813,Return
Jade B,PEUGEOT,307,MY06 UPGRADE XSE HDi 2.0,2006,Milsons Point,20060721,Return
Gabrielle L,PEUGEOT,307,MY06 UPGRADE XSE HDi 2.0 TOURING,2006,Milsons Point,20060704,Pickup
Luke A,PEUGEOT,307,MY06 UPGRADE XSE HDi 2.0 TOURING,2006,Milsons Point,20060704,Return
Xavier H,RENAULT,MEGANE,PRIVILEGE,2004,Milsons Point,20060419,Pickup
Katelyn H,RENAULT,MEGANE,PRIVILEGE,2004,Milsons Point,20060419,Return
Nicholas T,MERCEDES-BENZ,CLK230,KOMP ELEGANCE,2000,Milsons Point,20060313,Pickup
Johnathan V,MERCEDES-BENZ,CLK230,KOMP ELEGANCE,2000,Milsons Point,20060313,Return
Charles M,MERCEDES-BENZ,ML,W163 500 LUXURY 4x4,2001,Milsons Point,20060306,Pickup
Colin L,MERCEDES-BENZ,C180,W203 KOMPRESSOR AVANTGARDE,2002,Milsons Point,20060131,Pickup
José H,MERCEDES-BENZ,ML,W163 500 LUXURY 4x4,2004,Milsons Point,20060125,Pickup
Victoria S,MERCEDES-BENZ,C180,W203 KOMPRESSOR AVANTGARDE,2002,Milsons Point,20060211,Return
Russell S,ALFA ROMEO,156,V6 24V,2002,Milsons Point,20060113,Pickup
Maria R,VOLKSWAGEN,TOUAREG,7L R5 TDi LUXURY,2005,Milsons Point,20051220,Pickup
Jason W,VOLKSWAGEN,GOLF,2.0 S,2002,Milsons Point,20051216,Pickup
Jason W,VOLKSWAGEN,GOLF,2.0 S,2002,Milsons Point,20051224,Return
Megan W,VOLKSWAGEN,TOUAREG,7L R5 TDi LUXURY,2005,Milsons Point,20051219,Return
Maria R,VOLKSWAGEN,PASSAT,3B 1.8T,2002,Milsons Point,20051112,Pickup
Clinton C,VOLKSWAGEN,PASSAT,3B 1.8T,2002,Milsons Point,20051112,Return
Luke L,BMW,5,28i,1997,Milsons Point,20050913,Return
Clarence R,BMW,1,E87 20i,2005,Milsons Point,20050822,Pickup
Clarence R,BMW,1,E87 20i,2005,Milsons Point,20050910,Return
Ana P,BMW,3,E36 28i,1996,Milsons Point,20050818,Pickup
Sydney B,BMW,3,E36 16i OPEN AIR,1995,Milsons Point,20050816,Return
Wyatt H,BMW,3,E36 28i,1996,Milsons Point,20050818,Return
Sydney B,LAND ROVER,DISCOVERY,S 4x4,1998,Milsons Point,20050709,Pickup
Mya G,MAZDA,929,DELUXE,1987,Newcastle,20070209,Pickup
Mya G,MAZDA,929,DELUXE,1987,Newcastle,20070217,Return
Edward W,MAZDA,929,DELUXE,1987,Newcastle,20070209,Return
Jerome N,SAAB,9-Mar,S,2001,Newcastle,20070123,Pickup
Shannon H,SAAB,9-Mar,SE,1999,Newcastle,20070122,Pickup
Caleb P,SAAB,9-Mar,S,2001,Newcastle,20070123,Return
Jerome N,SAAB,9-Mar,MY02 AERO,2002,Newcastle,20070105,Pickup
Jerome N,SAAB,9-Mar,MY02 AERO,2002,Newcastle,20070105,Return
Sharon L,AUDI,A6,4B 2.4 V6,2003,Newcastle,20061213,Pickup
Sharon L,AUDI,A6,4B 2.4 V6,2003,Newcastle,20061221,Return
Rafael H,MITSUBISHI,380,DB,2005,Newcastle,20061103,Pickup
Randy S,MITSUBISHI,380,DB,2005,Newcastle,20061103,Return
Ian R,MAZDA,323,SUPER DELUXE,1988,Newcastle,20061012,Pickup
Ian R,MAZDA,323,ASTINA SP,1994,Newcastle,20061011,Return
Sydney B,MAZDA,323,SUPER DELUXE,1988,Newcastle,20061012,Return
Mya F,NISSAN,200,SX SPORTS LIMITED,1994,Newcastle,20060713,Return
Sara R,NISSAN,200,SX SPORTS LIMITED,1998,Newcastle,20060603,Pickup
Ramon Y,NISSAN,200,SX SPORTS LIMITED,1998,Newcastle,20060603,Return
Jarrod P,VOLVO,8,50 GLE,1994,Newcastle,20060513,Return
Johnathan V,MERCEDES-BENZ,ML,W163 320 LUXURY 4x4,2002,Newcastle,20060225,Return
Xavier L,MERCEDES-BENZ,300,TE,1991,Newcastle,20060127,Pickup
Xavier L,MERCEDES-BENZ,300,TE,1991,Newcastle,20060211,Return
Brianna H,VOLKSWAGEN,GOLF,GL,1999,Newcastle,20051205,Pickup
April D,VOLKSWAGEN,GOLF,GL,1999,Newcastle,20051205,Return
Leslie M,VOLKSWAGEN,GOLF,1K 2.0 FSI SPORTLINE,2006,Newcastle,20051112,Pickup
Leslie M,VOLKSWAGEN,CADDY,2K LIFE,2006,Newcastle,20051115,Return
Meredith G,VOLKSWAGEN,GOLF,1K 2.0 FSI SPORTLINE,2006,Newcastle,20051112,Return
Meredith G,VOLKSWAGEN,JETTA,1KM 2.0 TURBO FSI,2006,Newcastle,20051025,Pickup
Leslie M,VOLKSWAGEN,JETTA,1KM 2.0 TDI,2006,Newcastle,20051022,Pickup
Evan J,VOLKSWAGEN,JETTA,1KM 2.0 FSI,2007,Newcastle,20051025,Return
Crystal W,VOLKSWAGEN,JETTA,1KM 2.0 TURBO FSI,2006,Newcastle,20051025,Return
Leslie M,VOLKSWAGEN,JETTA,1KM 2.0 TDI,2006,Newcastle,20051022,Return
Sydney B,DATSUN,FAIRLADY,SPORTS,1964,Newcastle,20051017,Return
Alan Z,BMW,3,18i,1997,Newcastle,20050820,Pickup
Ashlee A,BMW,X5,E53 3.0i,2004,Newcastle,20050817,Return
Wyatt H,BMW,3,18i,1997,Newcastle,20050820,Return
Mya G,SAAB,9-Mar,MY03 TURBO 2.0t LTD ED,2003,North Ryde,20070119,Pickup
Mya G,SAAB,9-Mar,MY03 TURBO 2.0t LTD ED,2003,North Ryde,20070128,Return
Jerome N,SAAB,9-Mar,MY02 AERO,2002,North Ryde,20070120,Return
Katherine B,SAAB,9-Mar,MY03 TURBO 2.0t LTD ED,2003,North Ryde,20070119,Return
Jerome N,SAAB,900,SE 2.5 V6,1996,North Ryde,20070112,Return
Sharon L,AUDI,ALLROAD QUATTRO,C5,2001,North Ryde,20061213,Pickup
Sharon L,AUDI,ALLROAD QUATTRO,C5,2001,North Ryde,20061222,Return
Alexandria H,AUDI,ALLROAD QUATTRO,C5,2001,North Ryde,20061213,Return
Sydney S,AUDI,A4,B7 2.0,2007,North Ryde,20061210,Return
Ian R,CHRYSLER,VOYAGER,RG 05 UPGRADE LX,2004,North Ryde,20060904,Pickup
Rafael H,CHRYSLER,VOYAGER,RG 05 UPGRADE LX,2004,North Ryde,20060904,Return
Kyle S,CHRYSLER,300C,LE MY06 CRD,2006,North Ryde,20060815,Pickup
Sara R,EUNOS,30,X SPORT,1996,North Ryde,20060801,Pickup
Hailey W,PEUGEOT,206,XR,2003,North Ryde,20060727,Pickup
Mya F,PEUGEOT,405,D60 SRI,1992,North Ryde,20060810,Return
Trevor J,PEUGEOT,206,CC,2006,North Ryde,20060706,Pickup
Luke A,PEUGEOT,206,CC,2006,North Ryde,20060706,Return
Jade B,NISSAN,200,SX SPORTS LIMITED,1998,North Ryde,20060627,Return
Jessica W,PEUGEOT,406,D8 ST,1997,North Ryde,20060616,Pickup
Anne R,PEUGEOT,406,D8 ST,1997,North Ryde,20060616,Return
Sara R,NISSAN,200,SX SPORTS LIMITED,1998,North Ryde,20060603,Pickup
Sara R,NISSAN,200,SX SPORTS LIMITED,1998,North Ryde,20060603,Return
Deanna S,VOLVO,S40,MY2001 2.0 SE,2001,North Ryde,20060508,Pickup
Roberto G,VOLVO,S40,MY2001 2.0 SE,2001,North Ryde,20060508,Return
Colin L,VOLVO,V50,MY08 D5,2008,North Ryde,20060421,Pickup
Colin L,VOLVO,V50,MY08 D5,2008,North Ryde,20060426,Return
Shannon L,VOLVO,7,40 TURBO,1989,North Ryde,20060417,Pickup
Victoria S,MERCEDES-BENZ,380,SEL,1982,North Ryde,20060308,Pickup
Charles C,MERCEDES-BENZ,E500,211 AVANTGARDE,2002,North Ryde,20060312,Return
Stephanie M,MERCEDES-BENZ,380,SEL,1982,North Ryde,20060308,Return
Victoria S,MERCEDES-BENZ,A170,W169 ELEGANCE,2006,North Ryde,20060219,Return
Johnathan V,MERCEDES-BENZ,ML,W163 320 LUXURY 4x4,2002,North Ryde,20060127,Pickup
Xavier L,MERCEDES-BENZ,ML,W163 320 LUXURY 4x4,2002,North Ryde,20060127,Return
Victoria S,ALFA ROMEO,147,2.0 TWIN SPARK,2003,North Ryde,20060123,Return
Russell S,ALFA ROMEO,156,V6 24V,2002,North Ryde,20060112,Pickup
Russell S,ALFA ROMEO,156,V6 24V,2002,North Ryde,20060112,Return
Maria R,VOLKSWAGEN,TOUAREG,7L R5 TDi LUXURY,2005,North Ryde,20051219,Pickup
Maria R,VOLKSWAGEN,TOUAREG,7L R5 TDi LUXURY,2005,North Ryde,20051219,Return
Evan J,VOLKSWAGEN,GOLF,1K 2.0 TDI COMFORTLINE,2006,North Ryde,20051210,Return
Russell S,VOLKSWAGEN,GOLF,1K 2.0 FSI SPORTLINE,2006,North Ryde,20051112,Pickup
Leslie M,VOLKSWAGEN,GOLF,1K 2.0 FSI SPORTLINE,2006,North Ryde,20051112,Return
Sydney B,DATSUN,FAIRLADY,SPORTS,1964,North Ryde,20050929,Pickup
Lauren W,BMW,3,18i,1997,North Ryde,20050829,Pickup
Lauren W,BMW,3,18i,1997,North Ryde,20050910,Return
Alan Z,BMW,3,18i,1997,North Ryde,20050829,Return
Ashlee A,LAND ROVER,FREELANDER,XEi 4x4,2000,North Ryde,20050711,Pickup
Alyssa H,SAAB,9-Mar,SE,1999,North Sydney,20070213,Pickup
Alyssa H,SAAB,9-Mar,SE,1999,North Sydney,20070219,Return
Dalton D,SAAB,9-Mar,S,2001,North Sydney,20070126,Pickup
Jerome N,SAAB,9-Mar,S,2001,North Sydney,20070126,Return
Shannon H,SAAB,9-Mar,SE,1999,North Sydney,20070213,Return
Tasha D,TOYOTA,4 RUNNER,DELUXE 4x4,1989,North Sydney,20061109,Pickup
Ian R,MAZDA,323,ASTINA SP,1994,North Sydney,20060926,Pickup
Devin R,MAZDA,323,PROTEGE,1999,North Sydney,20060908,Pickup
Devin R,MAZDA,323,PROTEGE,1999,North Sydney,20060913,Return
Rafael H,MAZDA,323,PROTEGE,1999,North Sydney,20060908,Return
Sara R,EUNOS,30,X SPORT,1996,North Sydney,20060802,Pickup
Sara R,EUNOS,30,X SPORT,1996,North Sydney,20060823,Return
Sara R,EUNOS,30,X SPORT,1996,North Sydney,20060802,Return
Jessica W,PEUGEOT,307,XSE,2004,North Sydney,20060728,Pickup
Jessica W,PEUGEOT,307,XSE,2004,North Sydney,20060728,Return
Sara R,PEUGEOT,206,CC,2006,North Sydney,20060712,Pickup
Jade B,PEUGEOT,206,XT,2000,North Sydney,20060710,Pickup
Trevor J,PEUGEOT,206,CC,2006,North Sydney,20060712,Return
Trevor J,PEUGEOT,206,XT,2000,North Sydney,20060710,Return
Jessica W,PEUGEOT,406,D8 ST,1997,North Sydney,20060617,Pickup
Jessica W,PEUGEOT,406,D8 ST,1997,North Sydney,20060617,Return
Ramon Y,VOLVO,S40,2,1997,North Sydney,20060514,Pickup
Anne R,VOLVO,8,50 SE,1997,North Sydney,20060512,Pickup
Anne R,VOLVO,8,50 SE,1997,North Sydney,20060517,Return
Jarrod P,VOLVO,7,40 TURBO,1989,North Sydney,20060515,Return
Deanna S,VOLVO,S40,MY2001 2.0 SE,2001,North Sydney,20060509,Pickup
Deanna S,VOLVO,S40,MY2001 2.0 SE,2001,North Sydney,20060509,Return
Deanna S,VOLVO,S40,2,1997,North Sydney,20060514,Return
Cara Z,VOLVO,8,50 SE,1997,North Sydney,20060512,Return
Victoria S,VOLVO,XC70,05 UPGRADE II LIFESTYLE EDITION LE,2005,North Sydney,20060428,Return
Xavier L,VOLVO,S60,05 UPGRADE 2.4 20V SE,2006,North Sydney,20060418,Pickup
Colin L,RENAULT,CLIO,CAMPUS,2006,North Sydney,20060404,Pickup
Edward W,MERCEDES-BENZ,E55,211 MY06 UPGRADE AMG,2006,North Sydney,20060314,Pickup
Johnathan V,MERCEDES-BENZ,CLK230,KOMP ELEGANCE,2000,North Sydney,20060312,Pickup
Olivia B,MERCEDES-BENZ,CLK230,KOMP ELEGANCE,2000,North Sydney,20060312,Return
Xavier L,MERCEDES-BENZ,SLK,R171 200K,2004,North Sydney,20060128,Pickup
Xavier H,MERCEDES-BENZ,SLK,R171 200K,2004,North Sydney,20060211,Return
Russell S,ALFA ROMEO,156,V6 24V,2002,North Sydney,20060113,Pickup
Russell S,ALFA ROMEO,156,V6 24V,2002,North Sydney,20060121,Return
Russell S,ALFA ROMEO,156,V6 24V,2002,North Sydney,20060113,Return
Brianna H,VOLKSWAGEN,GOLF,GL,1999,North Sydney,20051209,Return
Maria R,VOLKSWAGEN,CADDY,2K 1.9 TDi,2006,North Sydney,20051202,Pickup
Angela J,VOLKSWAGEN,BORA,1J 2.0,2001,North Sydney,20051130,Pickup
Angela J,VOLKSWAGEN,BORA,1J 2.0,2001,North Sydney,20051219,Return
Megan W,VOLKSWAGEN,CADDY,2K 1.9 TDi,2006,North Sydney,20051202,Return
Megan W,VOLKSWAGEN,BORA,1J 2.0,2001,North Sydney,20051210,Return
April D,VOLKSWAGEN,JETTA,1KM 2.0 TDI,2007,North Sydney,20051028,Pickup
Carl A,BMW,3,E46 18i,2000,North Sydney,20050920,Pickup
Carl A,BMW,3,E46 18i,2000,North Sydney,20051011,Return
Lauren W,LAND ROVER,DISCOVERY,SERIES II S 4x4,2003,North Sydney,20050704,Pickup
Shannon H,MAZDA,929,LUXURY,1986,Port Macquarie,20070124,Pickup
Caleb P,MAZDA,929,LUXURY,1986,Port Macquarie,20070124,Return
Jerome N,SAAB,9000,CS ANNIVERSARY,1998,Port Macquarie,20070114,Return
Sharon L,AUDI,S3,1.8,2000,Port Macquarie,20061215,Pickup
Lucas E,AUDI,S3,1.8,2000,Port Macquarie,20061215,Return
Sydney S,MAZDA,626,CLASSIC,1999,Port Macquarie,20061124,Return
Lacey Z,TOYOTA,4 RUNNER,RV6 4x4,1992,Port Macquarie,20061109,Pickup
Lacey Z,TOYOTA,4 RUNNER,RV6 4x4,1992,Port Macquarie,20061210,Return
Randy S,MITSUBISHI,380,DB,2005,Port Macquarie,20061105,Pickup
Rafael H,MITSUBISHI,380,DB,2005,Port Macquarie,20061105,Return
Lacey Z,MAZDA,323,ASTINA,1996,Port Macquarie,20060929,Pickup
Randy S,MAZDA,323,ASTINA,1996,Port Macquarie,20061012,Return
Kyle S,MAZDA,323,ASTINA,1993,Port Macquarie,20060926,Pickup
Rafael H,MAZDA,323,ASTINA,1993,Port Macquarie,20060926,Return
Kyle S,CHRYSLER,GRAND VOYAGER,RG SE,2004,Port Macquarie,20060828,Return
Katrina B,NULL,NULL,NULL,NULL,Port Macquarie,20060817,Pickup
Katrina B,NULL,NULL,NULL,NULL,Port Macquarie,20060826,Return
Megan S,NULL,NULL,NULL,NULL,Port Macquarie,20060817,Return
Mya F,PEUGEOT,307,XSE,2004,Port Macquarie,20060708,Pickup
Trevor J,PEUGEOT,307,XSE,2004,Port Macquarie,20060708,Return
Katelyn H,VOLVO,XC70,05 UPGRADE II LIFESTYLE EDITION LE,2005,Port Macquarie,20060419,Pickup
Johnathan V,VOLVO,XC70,05 UPGRADE II LIFESTYLE EDITION LE,2005,Port Macquarie,20060419,Return
Charles C,MERCEDES-BENZ,230,W124 E,1988,Port Macquarie,20060228,Pickup
Victoria S,MERCEDES-BENZ,ML,W163 270 CDI 4x4,2002,Port Macquarie,20060129,Pickup
Katelyn H,MERCEDES-BENZ,ML,W163 270 CDI 4x4,2002,Port Macquarie,20060129,Return
Jason W,VOLKSWAGEN,JETTA,1KM 2.0 TDI,2007,Port Macquarie,20051110,Pickup
April D,VOLKSWAGEN,JETTA,1KM 2.0 TDI,2007,Port Macquarie,20051110,Return
Daniel J,BMW,3,18i,1991,Port Macquarie,20050919,Pickup
Daniel J,BMW,3,18i,1991,Port Macquarie,20050924,Return
Sydney B,BMW,5,E39 23i,1996,Port Macquarie,20050924,Return
Clarence R,BMW,3,E46 18i SPORT,2005,Port Macquarie,20050826,Pickup
Clarence R,BMW,3,E46 18i SPORT,2005,Port Macquarie,20050914,Return
Chloe Y,BMW,3,E46 20Ci,2001,Port Macquarie,20050814,Pickup
Chloe Y,BMW,3,E46 20Ci,2001,Port Macquarie,20050816,Return
Deanna M,LAND ROVER,DISCOVERY,Tdi 4x4,1994,Port Macquarie,20050721,Return
Ashlee A,LAND ROVER,FREELANDER,XEi 4x4,2000,Port Macquarie,20050716,Return
Jerome N,SAAB,9-Mar,S,2001,Rhodes,20070127,Pickup
Dalton D,SAAB,9000,CS,1997,Rhodes,20070126,Pickup
Dalton D,SAAB,9-Mar,S,2001,Rhodes,20070127,Return
Felicia R,MAZDA,626,CLASSIC,2000,Rhodes,20061124,Pickup
Frederick S,MAZDA,626,LUXURY,1999,Rhodes,20061118,Return
Kyle S,MAZDA,323,ASTINA SHADES,2000,Rhodes,20060928,Pickup
Sydney B,MAZDA,323,ASTINA,1997,Rhodes,20060926,Pickup
Sydney B,MAZDA,323,ASTINA,1997,Rhodes,20061016,Return
Randy S,MAZDA,323,ASTINA SHADES,2000,Rhodes,20060928,Return
Randy S,MAZDA,323,ASTINA,1997,Rhodes,20060926,Return
Devin R,CHRYSLER,CROSSFIRE,ZH ROADSTER,2005,Rhodes,20060821,Pickup
Devin R,CHRYSLER,CROSSFIRE,ZH ROADSTER,2005,Rhodes,20060825,Return
Katrina B,CHRYSLER,300C,LE MY06 SRT8,2006,Rhodes,20060819,Pickup
Devin R,CHRYSLER,300C,LE MY06 SRT8,2006,Rhodes,20060819,Return
Kyle S,CHRYSLER,CROSSFIRE,ZH ROADSTER,2005,Rhodes,20060821,Return
Jessica W,PEUGEOT,206,C,2006,Rhodes,20060710,Pickup
Jessica W,PEUGEOT,206,C,2006,Rhodes,20060717,Return
Mya F,NISSAN,200,SX LUXURY,1998,Rhodes,20060629,Return
Cara Z,NISSAN,200,S15 SX SPEC S,2001,Rhodes,20060530,Pickup
Cara Z,NISSAN,200,S15 SX SPEC S,2001,Rhodes,20060618,Return
Jessica W,VOLVO,4,40 GLT,1996,Rhodes,20060529,Pickup
Cynthia M,NISSAN,200,S15 SX SPEC S,2001,Rhodes,20060611,Return
Victoria S,RENAULT,19,RT,1995,Rhodes,20060510,Return
Nicholas T,MERCEDES-BENZ,CLK230,KOMP ELEGANCE,2000,Rhodes,20060319,Pickup
Nicholas T,MERCEDES-BENZ,CLK230,KOMP ELEGANCE,2000,Rhodes,20060319,Return
Charles C,MERCEDES-BENZ,180,E LIMITED EDITION,1992,Rhodes,20060227,Pickup
Xavier L,MERCEDES-BENZ,ML,W163 320 LUXURY 4x4,2002,Rhodes,20060130,Pickup
Victoria S,MERCEDES-BENZ,ML,W163 270 CDI 4x4,2002,Rhodes,20060214,Return
Johnathan V,MERCEDES-BENZ,ML,W163 320 LUXURY 4x4,2002,Rhodes,20060211,Return
Hannah L,VOLKSWAGEN,PASSAT,3C 3.2 V6 FSI,2006,Rhodes,20051224,Pickup
Jason W,VOLKSWAGEN,1600,SUPER BUG L,1975,Rhodes,20051222,Pickup
Megan W,VOLKSWAGEN,PASSAT,3C 3.2 V6 FSI,2006,Rhodes,20051224,Return
Hannah L,VOLKSWAGEN,POLO,9N,2003,Rhodes,20051206,Pickup
Angela J,VOLKSWAGEN,POLO,9N,2003,Rhodes,20051206,Return
Leslie M,VOLKSWAGEN,JETTA,1KM 2.0 TDI,2006,Rhodes,20051026,Pickup
Leslie M,VOLKSWAGEN,JETTA,1KM 2.0 TDI,2006,Rhodes,20051026,Return
Shannon W,MAZDA,121,METRO SHADES,2002,Rhodes,20051008,Pickup
Shannon W,MAZDA,121,METRO SHADES,2002,Rhodes,20051028,Return
Sydney B,MAZDA,121,SHADES,1997,Rhodes,20051013,Return
Sydney B,BMW,5,E39 30i SPORT,2002,Rhodes,20050925,Return
Luke L,BMW,3,25i,1988,Rhodes,20050910,Return
Ana P,BMW,3,20i,1989,Rhodes,20050824,Pickup
Ana P,BMW,3,20i,1989,Rhodes,20050912,Return
Ana P,BMW,3,20i,1989,Rhodes,20050824,Return
Shannon W,LAND ROVER,(4x4),LWB,1972,Rhodes,20050720,Pickup
Shannon W,LAND ROVER,(4x4),LWB,1972,Rhodes,20050810,Return
Gilbert R,LAND ROVER,DISCOVERY,SERIES II SE 4x4,2004,Rhodes,20050715,Pickup
Gilbert R,LAND ROVER,DISCOVERY,SERIES II SE 4x4,2004,Rhodes,20050719,Return
Sydney B,LAND ROVER,DISCOVERY,SERIES II SE 4x4,2004,Rhodes,20050715,Return
Deb T,AUDI,A3,8P SPORTBACK 2.0 TDI AMBITION DSG,2006,Silverwater,20061217,Pickup
Deb T,AUDI,A3,8P SPORTBACK 2.0 TDI AMBITION DSG,2006,Silverwater,20061225,Return
Ivan M,AUDI,A4,1.8 SE 20V,1996,Silverwater,20061214,Pickup
Sharon L,AUDI,A3,8P SPORTBACK 2.0 TDI AMBITION DSG,2006,Silverwater,20061217,Return
Felicia R,MAZDA,626,CLASSIC,2000,Silverwater,20061127,Pickup
Felicia R,MAZDA,626,CLASSIC,2000,Silverwater,20061126,Return
Randy S,MAZDA,323,ASTINA,1996,Silverwater,20060928,Pickup
Katrina B,MAZDA,323,ASTINA,1996,Silverwater,20060928,Return
Kyle S,CHRYSLER,PT CRUISER,MY06 CLASSIC,2005,Silverwater,20060819,Pickup
Maurice G,CHRYSLER,PT CRUISER,MY06 CLASSIC,2005,Silverwater,20060819,Return
Hailey W,EUNOS,800,M,1996,Silverwater,20060803,Pickup
Hailey W,EUNOS,800,M,1996,Silverwater,20060808,Return
Trevor J,PEUGEOT,307,MY06 UPGRADE XSE HDi 2.0 TOURING,2006,Silverwater,20060710,Pickup
Gabrielle L,PEUGEOT,307,MY06 UPGRADE XSE HDi 2.0 TOURING,2006,Silverwater,20060710,Return
Anne R,PEUGEOT,406,D8 ST,1997,Silverwater,20060605,Pickup
Nicholas T,RENAULT,SCENIC,PRIVILEGE,2003,Silverwater,20060409,Pickup
Victoria S,MERCEDES-BENZ,CLK230,KOMP ELEGANCE,2000,Silverwater,20060407,Return
Katelyn H,MERCEDES-BENZ,180,E LIMITED EDITION,1992,Silverwater,20060312,Pickup
Charles C,MERCEDES-BENZ,180,E LIMITED EDITION,1992,Silverwater,20060312,Return
Nicholas T,MERCEDES-BENZ,180,E LIMITED EDITION,1993,Silverwater,20060211,Pickup
Nicholas T,MERCEDES-BENZ,180,E LIMITED EDITION,1993,Silverwater,20060312,Return
Jacqueline P,NULL,NULL,NULL,NULL,Silverwater,20060206,Pickup
Jacqueline P,NULL,NULL,NULL,NULL,Silverwater,20060227,Return
Maria R,ALFA ROMEO,GTV,2,1999,Silverwater,20060115,Pickup
Maria R,ALFA ROMEO,GTV,2,1999,Silverwater,20060124,Return
Brianna H,VOLKSWAGEN,CARAVELLE,V6,2003,Silverwater,20060116,Return
James W,VOLKSWAGEN,PASSAT,3C 3.2 V6 FSI,2006,Silverwater,20051224,Pickup
Hannah L,VOLKSWAGEN,PASSAT,3C 3.2 V6 FSI,2006,Silverwater,20051224,Return
Jason W,VOLKSWAGEN,PASSAT,3C 2.0T FSI,2006,Silverwater,20051222,Pickup
Jason W,VOLKSWAGEN,PASSAT,3C 2.0T FSI,2006,Silverwater,20060110,Return
Jason W,VOLKSWAGEN,PASSAT,3C 2.0T FSI,2006,Silverwater,20051222,Return
Maria R,VOLKSWAGEN,PASSAT,3B 1.8T,2002,Silverwater,20051115,Pickup
Maria R,VOLKSWAGEN,PASSAT,3B 1.8T,2002,Silverwater,20051124,Return
Maria R,VOLKSWAGEN,PASSAT,3B 1.8T,2002,Silverwater,20051115,Return
Meredith G,VOLKSWAGEN,GOLF,1K 2.0 FSI SPORTLINE,2006,Silverwater,20051101,Pickup
Crystal W,VOLKSWAGEN,JETTA,1KM 2.0 TDI,2006,Silverwater,20051026,Pickup
Leslie M,VOLKSWAGEN,JETTA,1KM 2.0 TDI,2006,Silverwater,20051026,Return
Evan J,VOLKSWAGEN,GOLF,1K GTi,2007,Silverwater,20051022,Return
Shannon W,BMW,5,20i,1991,Silverwater,20050921,Pickup
Shannon W,BMW,5,20i,1991,Silverwater,20051019,Return
Daniel J,BMW,5,28i,1997,Silverwater,20050816,Pickup
Ian J,BMW,5,20i,1991,Silverwater,20050921,Return
Luke L,BMW,3,23i,1996,Silverwater,20050807,Return
Chloe Y,BMW,5,E34 25i EXECUTIVE,1996,Silverwater,20050723,Pickup
Heidi L,BMW,7,35i EXECUTIVE,1987,Silverwater,20050723,Pickup
Michele N,LAND ROVER,(4x4),SWB,1978,Silverwater,20050715,Pickup
Michele N,LAND ROVER,(4x4),SWB,1978,Silverwater,20050724,Return
Natalie C,SAAB,9-Mar,MY07 LINEAR SPORT 1.9TiD SPORTCOMBI,2007,Springwood,20070108,Pickup
Alexandria H,SAAB,9-Mar,MY07 LINEAR SPORT 1.9TiD SPORTCOMBI,2007,Springwood,20070108,Return
Shannon A,AUDI,A3,1.6,2003,Springwood,20061219,Pickup
Ivan M,AUDI,A3,1.6,2003,Springwood,20061219,Return
Felicia R,MAZDA,626,CLASSIC,2000,Springwood,20061126,Pickup
Felicia R,MAZDA,626,CLASSIC,2000,Springwood,20061126,Return
Sydney S,AUDI,A4,B6 2.0,2002,Springwood,20061127,Return
Megan S,MITSUBISHI,380,DB,2005,Springwood,20061109,Pickup
Sydney B,MAZDA,323,BJ PROTEGE SHADES,2003,Springwood,20061108,Pickup
Sydney B,MAZDA,323,BJ PROTEGE SHADES,2003,Springwood,20061128,Return
Randy S,MITSUBISHI,380,DB,2005,Springwood,20061109,Return
Lacey Z,MAZDA,323,BJ PROTEGE SHADES,2003,Springwood,20061108,Return
Ian R,MAZDA,323,ASTINA SHADES,2000,Springwood,20061018,Pickup
Megan S,MAZDA,323,ASTINA SHADES,2000,Springwood,20061018,Return
Hailey W,CHRYSLER,NEON,SE,1997,Springwood,20060805,Pickup
Jade B,PEUGEOT,307,XSE,2004,Springwood,20060712,Pickup
Mya F,PEUGEOT,307,XSE,2004,Springwood,20060712,Return
Mya F,PEUGEOT,206,XR,2002,Springwood,20060623,Return
Mya F,NISSAN,200,SX LUXURY,1998,Springwood,20060602,Pickup
Victoria R,VOLVO,4,40 GLT,1996,Springwood,20060531,Pickup
Victoria R,VOLVO,4,40 GLT,1996,Springwood,20060612,Return
Jessica W,VOLVO,4,40 GLT,1996,Springwood,20060612,Return
Ramon Y,NISSAN,200,SX LUXURY,1998,Springwood,20060602,Return
Johnathan V,RENAULT,19,RT,1995,Springwood,20060423,Pickup
Johnathan V,MERCEDES-BENZ,ML,W163 500 LUXURY 4x4,2004,Springwood,20060202,Pickup
José H,MERCEDES-BENZ,ML,W163 500 LUXURY 4x4,2004,Springwood,20060202,Return
James W,VOLKSWAGEN,PASSAT,3C 3.2 V6 FSI,2006,Springwood,20051226,Pickup
James W,VOLKSWAGEN,PASSAT,3C 3.2 V6 FSI,2006,Springwood,20051226,Return
Maria R,VOLKSWAGEN,CADDY,2K 1.9 TDi,2006,Springwood,20051207,Pickup
Maria R,VOLKSWAGEN,CADDY,2K 1.9 TDi,2006,Springwood,20051207,Return
Evan J,VOLKSWAGEN,JETTA,1KM 2.0 TDI,2007,Springwood,20051114,Pickup
Jason W,VOLKSWAGEN,JETTA,1KM 2.0 TDI,2007,Springwood,20051114,Return
Leslie M,VOLKSWAGEN,JETTA,1KM 2.0 TDI,2006,Springwood,20051028,Pickup
Crystal W,VOLKSWAGEN,JETTA,1KM 2.0 TDI,2006,Springwood,20051028,Return
Carl A,BMW,3,E46 16ti,2002,Springwood,20050907,Pickup
Luke L,BMW,3,25i,1988,Springwood,20050826,Pickup
Chloe Y,BMW,3,E46 16ti,2002,Springwood,20050907,Return
Sydney B,LAND ROVER,DISCOVERY 3,HSE,2006,Springwood,20050711,Return
Natalie C,SAAB,9-Mar,MY04 AERO 2.0t,2004,St. Leonards,20070216,Pickup
Natalie C,SAAB,9-Mar,MY04 AERO 2.0t,2004,St. Leonards,20070317,Return
Shannon H,SAAB,9000,CS,1997,St. Leonards,20070128,Pickup
Dalton D,SAAB,9000,CS,1997,St. Leonards,20070128,Return
Shannon A,AUDI,S3,1.8,2000,St. Leonards,20061219,Pickup
Felicia R,AUDI,A4,1.8 SE 20V,1996,St. Leonards,20061216,Pickup
Felicia R,AUDI,A4,1.8 SE 20V,1996,St. Leonards,20070117,Return
Sharon L,AUDI,S3,1.8,2000,St. Leonards,20061219,Return
Ivan M,AUDI,A4,1.8 SE 20V,1996,St. Leonards,20061216,Return
Ivan M,MAZDA,626,CLASSIC,2000,St. Leonards,20061126,Pickup
Felicia R,MAZDA,626,CLASSIC,2000,St. Leonards,20061126,Return
Devin R,MAZDA,323,PROTEGE SHADES,2002,St. Leonards,20061021,Pickup
Devin R,MAZDA,323,ASTINA,1996,St. Leonards,20061003,Pickup
Katrina B,MAZDA,323,ASTINA SHADES,1998,St. Leonards,20060930,Pickup
Lacey Z,MAZDA,323,ASTINA,1996,St. Leonards,20061003,Return
Randy S,MAZDA,323,ASTINA SHADES,1998,St. Leonards,20061010,Return
Megan S,CHRYSLER,300C,LE MY06 CRD,2006,St. Leonards,20060821,Pickup
Kyle S,CHRYSLER,300C,LE MY06 CRD,2006,St. Leonards,20060821,Return
Sara R,PEUGEOT,206,CC,2006,St. Leonards,20060717,Pickup
Sara R,PEUGEOT,206,CC,2006,St. Leonards,20060717,Return
Jacqueline P,RENAULT,MEGANE,PRIVILEGE,2004,St. Leonards,20060424,Pickup
Jacqueline P,RENAULT,MEGANE,PRIVILEGE,2004,St. Leonards,20060515,Return
Victoria S,VOLVO,XC70,05 UPGRADE II LIFESTYLE EDITION LE,2005,St. Leonards,20060423,Pickup
Katelyn H,VOLVO,XC70,05 UPGRADE II LIFESTYLE EDITION LE,2005,St. Leonards,20060423,Return
Xavier H,RENAULT,MEGANE,PRIVILEGE,2004,St. Leonards,20060424,Return
Nicholas T,RENAULT,SCENIC,PRIVILEGE,2003,St. Leonards,20060411,Pickup
Nicholas T,RENAULT,SCENIC,PRIVILEGE,2003,St. Leonards,20060512,Return
Nicholas T,RENAULT,SCENIC,PRIVILEGE,2003,St. Leonards,20060411,Return
Jacqueline P,RENAULT,CLIO,SPORT,2002,St. Leonards,20060406,Pickup
Katelyn H,MERCEDES-BENZ,380,SEL,1982,St. Leonards,20060314,Pickup
Katelyn H,MERCEDES-BENZ,380,SEL,1982,St. Leonards,20060323,Return
Victoria S,MERCEDES-BENZ,380,SEL,1982,St. Leonards,20060314,Return
Shannon L,ALFA ROMEO,147,GTA MONZA,2005,St. Leonards,20060202,Pickup
Shannon L,ALFA ROMEO,147,GTA MONZA,2005,St. Leonards,20060210,Return
James W,VOLKSWAGEN,PASSAT,3C 3.2 V6 FSI,2006,St. Leonards,20051226,Pickup
James W,VOLKSWAGEN,PASSAT,3C 3.2 V6 FSI,2006,St. Leonards,20051226,Return
James W,VOLKSWAGEN,POLO,9N,2003,St. Leonards,20051208,Pickup
Angela J,VOLKSWAGEN,CADDY,2K 1.9 TDi,2006,St. Leonards,20051207,Pickup
Maria R,VOLKSWAGEN,CADDY,2K 1.9 TDi,2006,St. Leonards,20051207,Return
Hannah L,VOLKSWAGEN,POLO,9N,2003,St. Leonards,20051208,Return
Leslie M,VOLKSWAGEN,TRANSPORTER,T5 MY08 CREWVAN SWB,2008,St. Leonards,20051010,Pickup
Sydney B,MAZDA,121,SHADES,1997,St. Leonards,20051005,Pickup
Carl A,BMW,3,E46 16ti,2002,St. Leonards,20050907,Pickup
Carl A,BMW,3,E46 16ti,2002,St. Leonards,20050928,Return
Carl A,BMW,3,E46 16ti,2002,St. Leonards,20050907,Return
Heidi L,BMW,1,E87 20d,2006,St. Leonards,20050902,Pickup
Heidi L,BMW,1,E87 20d,2006,St. Leonards,20050923,Return
Deanna M,BMW,3,18is,1997,St. Leonards,20050830,Pickup
Daniel J,BMW,X5,E53 3.0i,2001,St. Leonards,20050815,Pickup
Clarence R,BMW,3,E36 16i OPEN AIR,1995,St. Leonards,20050722,Pickup
Curtis L,LAND ROVER,DISCOVERY,SERIES II,2003,St. Leonards,20050717,Pickup
Shannon H,SAAB,9000,CS,1996,Sydney,20070129,Pickup
Natalie C,SAAB,9-Mar,MY07 LINEAR SPORT 1.9TiD SPORTCOMBI,2007,Sydney,20070127,Pickup
Natalie C,SAAB,9-Mar,MY07 LINEAR SPORT 1.9TiD SPORTCOMBI,2007,Sydney,20070218,Return
Natalie C,SAAB,9-Mar,MY07 LINEAR SPORT 1.9TiD SPORTCOMBI,2007,Sydney,20070210,Return
Alyssa H,AUDI,A4,B6 2.0 AVANT,2003,Sydney,20070108,Pickup
Alyssa H,AUDI,A4,B6 2.0 AVANT,2003,Sydney,20070117,Return
Deb T,AUDI,TT,QUATTRO,2004,Sydney,20061220,Pickup
Sharon L,AUDI,TT,QUATTRO,2004,Sydney,20061220,Return
Shannon A,AUDI,A4,B6 2.0 AVANT,2003,Sydney,20070108,Return
Alexandria H,MAZDA,626,ECLIPSE,2002,Sydney,20061130,Pickup
Alexandria H,MAZDA,626,ECLIPSE,2002,Sydney,20061215,Return
Ivan M,MAZDA,626,CLASSIC,2000,Sydney,20061127,Pickup
Ivan M,MAZDA,626,CLASSIC,2000,Sydney,20061215,Return
Ivan M,MAZDA,626,CLASSIC,2000,Sydney,20061127,Return
Eddie R,MAZDA,626,DELUXE,1994,Sydney,20061114,Pickup
Eddie R,MAZDA,626,DELUXE,1994,Sydney,20061215,Return
Sydney B,MAZDA,626,ECLIPSE,2002,Sydney,20061210,Return
Ian R,MAZDA,323,ASTINA SP20,2002,Sydney,20061118,Return
Tasha D,TOYOTA,4 RUNNER,DELUXE 4x4,1989,Sydney,20061111,Return
Devin R,MAZDA,323,PROTEGE SHADES,2002,Sydney,20061022,Pickup
Devin R,MAZDA,323,PROTEGE SHADES,2002,Sydney,20061022,Return
Devin R,MAZDA,323,ASTINA,1996,Sydney,20061004,Pickup
Devin R,MAZDA,323,ASTINA,1996,Sydney,20061004,Return
Megan S,MAZDA,323,PROTEGE,2000,Sydney,20061001,Pickup
Megan S,MAZDA,323,PROTEGE,2000,Sydney,20061010,Return
Ian R,CHRYSLER,VALIANT,CM GLX,1979,Sydney,20060910,Return
Erin S,PEUGEOT,307,MY06 UPGRADE XSE HDi 2.0,2006,Sydney,20060713,Pickup
Luke A,PEUGEOT,307,MY06 UPGRADE XSE HDi 2.0,2006,Sydney,20060713,Return
Sara R,NULL,NULL,NULL,NULL,Sydney,20060628,Pickup
Trevor J,NULL,NULL,NULL,NULL,Sydney,20060628,Return
Colin L,MERCEDES-BENZ,180,E LIMITED EDITION,1994,Sydney,20060320,Pickup
Xavier L,MERCEDES-BENZ,230,W124 E,1988,Sydney,20060315,Pickup
Ana P,MERCEDES-BENZ,180,E LIMITED EDITION,1994,Sydney,20060320,Return
Charles C,MERCEDES-BENZ,230,W124 E,1988,Sydney,20060315,Return
Shannon L,ALFA ROMEO,156,2.0 SELESPEED TWIN SPARK,1999,Sydney,20060203,Pickup
Xavier H,MERCEDES-BENZ,SLK,R171 200K,2004,Sydney,20060119,Pickup
Shannon L,ALFA ROMEO,156,2.0 SELESPEED TWIN SPARK,1999,Sydney,20060203,Return
April D,VOLKSWAGEN,GOLF,GL,1999,Sydney,20051124,Pickup
James W,VOLKSWAGEN,POLO,9N MY06 UPGRADE CLUB,2006,Sydney,20051119,Pickup
James W,VOLKSWAGEN,POLO,9N MY06 UPGRADE CLUB,2006,Sydney,20051210,Return
Leslie M,VOLKSWAGEN,GOLF,1K 2.0 FSI COMFORTLINE,2005,Sydney,20051029,Pickup
Leslie M,VOLKSWAGEN,JETTA,1KM 2.0 TDI,2006,Sydney,20051011,Pickup
Deanna M,BMW,3,E46 18i EXECUTIVE,2000,Sydney,20050903,Pickup
Curtis L,BMW,3,E36 28i,1996,Sydney,20050827,Pickup
Curtis L,BMW,3,E36 28i,1996,Sydney,20050912,Return
Ana P,BMW,3,E36 28i,1996,Sydney,20050827,Return
Gilbert R,LAND ROVER,DISCOVERY,S 4x4,1998,Sydney,20050718,Pickup
Gilbert R,LAND ROVER,DISCOVERY,S 4x4,1998,Sydney,20050723,Return
Sydney B,LAND ROVER,DISCOVERY,S 4x4,1998,Sydney,20050718,Return
Edward W,MAZDA,929,DELUXE,1987,Wollongong,20070130,Pickup
Deb T,AUDI,A3,1.8,2002,Wollongong,20061221,Pickup
Deb T,AUDI,A3,1.8,2002,Wollongong,20061229,Return
Sydney S,AUDI,A3,1.8,2002,Wollongong,20061221,Return
Ian R,MAZDA,323,LIMITED,1985,Wollongong,20061119,Return
Ian R,MAZDA,323,ASTINA SP20,2002,Wollongong,20061110,Pickup
Lacey Z,MAZDA,323,BJ PROTEGE SHADES,2003,Wollongong,20061028,Pickup
Kyle S,MAZDA,323,ASTINA,2003,Wollongong,20061002,Pickup
Kyle S,MAZDA,323,ASTINA,2003,Wollongong,20061002,Return
Ian R,CHRYSLER,VOYAGER,RG 05 UPGRADE LX,2004,Wollongong,20060912,Pickup
Ian R,CHRYSLER,VOYAGER,RG 05 UPGRADE LX,2004,Wollongong,20060912,Return
Kyle S,CHRYSLER,GRAND VOYAGER,RG SE,2004,Wollongong,20060823,Pickup
Ian R,CHRYSLER,VALIANT,CM GLX,1979,Wollongong,20060822,Pickup
Katrina B,CHRYSLER,GRAND VOYAGER,RG SE,2004,Wollongong,20060823,Return
Sara R,PEUGEOT,206,CC,2006,Wollongong,20060722,Pickup
Sara R,PEUGEOT,206,CC,2006,Wollongong,20060721,Return
Jade B,PEUGEOT,307,MY06 UPGRADE XSE HDi 2.0 TOURING,2006,Wollongong,20060714,Pickup
Trevor J,PEUGEOT,307,MY06 UPGRADE XSE HDi 2.0 TOURING,2006,Wollongong,20060714,Return
Victoria R,PEUGEOT,406,D8 ST,1997,Wollongong,20060624,Pickup
Victoria R,PEUGEOT,406,D8 ST,1997,Wollongong,20060715,Return
Jessica W,PEUGEOT,406,D8 ST,1997,Wollongong,20060624,Return
Jade B,NISSAN,200,SX LUXURY,1998,Wollongong,20060604,Pickup
Mya F,NISSAN,200,SX LUXURY,1998,Wollongong,20060604,Return
Anne R,VOLVO,S80,T6 SE,2001,Wollongong,20060429,Pickup
Anne R,VOLVO,S80,T6 SE,2001,Wollongong,20060514,Return
Victoria S,RENAULT,19,RT,1995,Wollongong,20060425,Pickup
Johnathan V,RENAULT,19,RT,1995,Wollongong,20060425,Return
Victoria S,MERCEDES-BENZ,180,E LIMITED EDITION,1992,Wollongong,20060316,Pickup
Katelyn H,MERCEDES-BENZ,180,E LIMITED EDITION,1992,Wollongong,20060316,Return
Nicholas T,MERCEDES-BENZ,300,W124 E,1986,Wollongong,20060218,Pickup
Nicholas T,MERCEDES-BENZ,300,W124 E,1986,Wollongong,20060316,Return
Xavier H,MERCEDES-BENZ,VITO,115CDI COMPACT CREW CAB,2005,Wollongong,20060210,Pickup
Xavier H,MERCEDES-BENZ,VITO,115CDI COMPACT CREW CAB,2005,Wollongong,20060218,Return
Brianna H,VOLKSWAGEN,CARAVELLE,V6,2003,Wollongong,20051231,Pickup
Melinda G,VOLKSWAGEN,JETTA,1KM 2.0 TDI,2007,Wollongong,20051116,Pickup
Evan J,VOLKSWAGEN,JETTA,1KM 2.0 TDI,2007,Wollongong,20051116,Return
Luke L,BMW,5,28i,1997,Wollongong,20050828,Pickup
Daniel J,BMW,5,28i,1997,Wollongong,20050828,Return
Daniel J,BMW,X5,E53 3.0i,2004,Wollongong,20050727,Pickup
Clarence R,BMW,3,E46 30i,2001,Wollongong,20050727,Pickup
Clarence R,BMW,3,E46 30i,2001,Wollongong,20050812,Return
Katherine B,SAAB,9-Mar,S,2001,Brisbane,20070202,Pickup
Dalton D,MAZDA,929,LUXURY,1986,Brisbane,20070131,Pickup
Jerome N,SAAB,9-Mar,S,2001,Brisbane,20070202,Return
Shannon H,MAZDA,929,LUXURY,1986,Brisbane,20070212,Return
Alexandria H,SAAB,9-Mar,MY07 LINEAR SPORT 1.9TiD SPORTCOMBI,2007,Brisbane,20061223,Pickup
Alexandria H,AUDI,ALLROAD QUATTRO,C5,2001,Brisbane,20061205,Pickup
Ian R,MAZDA,323,LIMITED,1985,Brisbane,20061112,Pickup
Devin R,MAZDA,323,ASTINA,1996,Brisbane,20061007,Pickup
Devin R,MAZDA,323,ASTINA,1996,Brisbane,20061007,Return
Devin R,CHRYSLER,VOYAGER,GS SE,2001,Brisbane,20060827,Pickup
Devin R,CHRYSLER,VOYAGER,GS SE,2001,Brisbane,20060911,Return
Rafael H,CHRYSLER,VOYAGER,RG 05 UPGRADE LX,2004,Brisbane,20060825,Pickup
Sara R,PEUGEOT,206,CC,2006,Brisbane,20060721,Pickup
Sara R,PEUGEOT,206,CC,2006,Brisbane,20060721,Return
Erin S,PEUGEOT,307,MY06 UPGRADE SPORT 2.0,2005,Brisbane,20060716,Pickup
Sara R,PEUGEOT,406,D9,2004,Brisbane,20060613,Pickup
Sara R,PEUGEOT,406,D9,2004,Brisbane,20060713,Return
José H,VOLVO,S40,MY2003 2.0 SE,2003,Brisbane,20060427,Pickup
José H,VOLVO,S40,MY2003 2.0 SE,2003,Brisbane,20060515,Return
Colin L,MERCEDES-BENZ,180,E LIMITED EDITION,1994,Brisbane,20060323,Pickup
Colin L,MERCEDES-BENZ,180,E LIMITED EDITION,1994,Brisbane,20060323,Return
Victoria S,MERCEDES-BENZ,E55,211 MY06 UPGRADE AMG,2006,Brisbane,20060318,Pickup
Edward W,MERCEDES-BENZ,E55,211 MY06 UPGRADE AMG,2006,Brisbane,20060318,Return
Stephanie M,MERCEDES-BENZ,380,SEL,1982,Brisbane,20060228,Pickup
Xavier L,MERCEDES-BENZ,280,W126 SE,1982,Brisbane,20060206,Pickup
Xavier L,MERCEDES-BENZ,280,W126 SE,1982,Brisbane,20060210,Return
Hannah L,VOLKSWAGEN,PASSAT,3C 3.2 V6 FSI,2006,Brisbane,20051229,Pickup
Hunter R,VOLKSWAGEN,PASSAT,3C 3.2 V6 FSI,2006,Brisbane,20051228,Pickup
Hunter R,VOLKSWAGEN,PASSAT,3C 3.2 V6 FSI,2006,Brisbane,20060110,Return
James W,VOLKSWAGEN,PASSAT,3C 3.2 V6 FSI,2006,Brisbane,20051228,Return
Russell S,VOLKSWAGEN,POLO,9N,2003,Brisbane,20051212,Pickup
Maria R,VOLKSWAGEN,CADDY,2K 1.9 TDi,2006,Brisbane,20051211,Pickup
James W,VOLKSWAGEN,POLO,9N,2003,Brisbane,20051212,Return
Angela J,VOLKSWAGEN,CADDY,2K 1.9 TDi,2006,Brisbane,20051211,Return
Hunter R,VOLKSWAGEN,GOLF,1K 2.0 TDI COMFORTLINE,2004,Brisbane,20051118,Pickup
Hunter R,VOLKSWAGEN,GOLF,1K 2.0 TDI COMFORTLINE,2004,Brisbane,20051122,Return
Brianna H,VOLKSWAGEN,TOUAREG,7L R5 TDi LUXURY,2006,Brisbane,20051107,Pickup
Crystal W,VOLKSWAGEN,GOLF,GL,1998,Brisbane,20051104,Pickup
Crystal W,VOLKSWAGEN,GOLF,GL,1998,Brisbane,20051124,Return
Meredith G,VOLKSWAGEN,JETTA,1KM 2.0 TURBO FSI,2007,Brisbane,20051017,Pickup
Meredith G,VOLKSWAGEN,JETTA,1KM 2.0 TURBO FSI,2007,Brisbane,20051021,Return
Wyatt H,MAZDA,121,DELUXE,1987,Brisbane,20051009,Pickup
Wyatt H,MAZDA,121,DELUXE,1987,Brisbane,20051017,Return
Carl A,BMW,X5,E53 3.0d,2005,Brisbane,20050929,Pickup
Carl A,BMW,X5,E53 3.0d,2005,Brisbane,20051019,Return
Heidi L,BMW,7,35iL EXECUTIVE,1988,Brisbane,20050924,Pickup
Heidi L,BMW,7,35iL EXECUTIVE,1988,Brisbane,20051014,Return
Alyssa H,SAAB,9000,CSE,1994,Caloundra,20070219,Pickup
Alyssa H,SAAB,9000,CSE,1994,Caloundra,20070228,Return
Jerome N,SAAB,9-Mar,MY02 AERO,2002,Caloundra,20070118,Pickup
Jerome N,SAAB,9-Mar,MY02 AERO,2002,Caloundra,20070118,Return
Shannon A,SAAB,9-May,SE,2000,Caloundra,20061223,Pickup
Shannon A,SAAB,9-May,SE,2000,Caloundra,20061228,Return
Frederick S,MAZDA,626,LUXURY,1999,Caloundra,20061113,Pickup
Sydney B,MAZDA,626,ECLIPSE,2002,Caloundra,20061115,Pickup
Lacey Z,MAZDA,323,BJ PROTEGE SHADES,2003,Caloundra,20061027,Pickup
Lacey Z,MAZDA,323,BJ PROTEGE SHADES,2003,Caloundra,20061027,Return
Katrina B,CHRYSLER,PT CRUISER,LIMITED,2004,Caloundra,20060825,Pickup
Katrina B,CHRYSLER,PT CRUISER,LIMITED,2004,Caloundra,20060914,Return
Jade B,PEUGEOT,307,MY06 UPGRADE XSE HDi 2.0,2006,Caloundra,20060716,Pickup
Erin S,PEUGEOT,307,MY06 UPGRADE XSE HDi 2.0,2006,Caloundra,20060716,Return
Hailey W,NULL,NULL,NULL,NULL,Caloundra,20060704,Pickup
Hailey W,NULL,NULL,NULL,NULL,Caloundra,20060706,Return
Sara R,NULL,NULL,NULL,NULL,Caloundra,20060704,Return
Ramon Y,NISSAN,200,SX SPORTS LIMITED,1998,Caloundra,20060523,Pickup
Deanna S,NISSAN,200,S15 SX SPEC S GT,2002,Caloundra,20060518,Pickup
Roberto G,VOLVO,S40,MY2001 2.0 SE,2001,Caloundra,20060427,Pickup
Angela J,VOLKSWAGEN,GOLF,2.0 GENERATION,2004,Caloundra,20060103,Pickup
Angela J,VOLKSWAGEN,GOLF,2.0 GENERATION,2004,Caloundra,20060112,Return
Megan W,VOLKSWAGEN,GOLF,2.0 GENERATION,2004,Caloundra,20051228,Pickup
Megan W,VOLKSWAGEN,GOLF,2.0 GENERATION,2004,Caloundra,20060103,Return
Angela J,VOLKSWAGEN,POLO,9N,2003,Caloundra,20051124,Pickup
Megan W,VOLKSWAGEN,BORA,1J 2.0,2001,Caloundra,20051118,Pickup
April D,VOLKSWAGEN,GOLF,1K 1.9 TDI COMFORTLINE,2005,Caloundra,20051019,Pickup
April D,VOLKSWAGEN,GOLF,1K 1.9 TDI COMFORTLINE,2005,Caloundra,20051110,Return
Crystal W,VOLKSWAGEN,JETTA,1KM 2.0 TURBO FSI,2006,Caloundra,20051014,Pickup
Micheal B,MAZDA,121,METRO SHADES,1999,Caloundra,20051009,Pickup
Micheal B,MAZDA,121,METRO SHADES,1999,Caloundra,20051018,Return
Lauren W,BMW,3,E46 18i,1999,Caloundra,20051001,Pickup
Daniel J,BMW,3,E46 16ti,2005,Caloundra,20050927,Pickup
Daniel J,BMW,3,E46 16ti,2005,Caloundra,20051012,Return
Deanna M,NULL,NULL,NULL,NULL,Caloundra,20050927,Pickup
Jacquelyn S,BMW,3,E46 18i,1999,Caloundra,20051001,Return
Deanna M,BMW,3,18is,1997,Caloundra,20050918,Return
Carl A,BMW,3,E46 30Ci,2001,Caloundra,20050803,Pickup
Carl A,BMW,3,E46 30Ci,2001,Caloundra,20050824,Return
Chloe Y,BMW,3,E46 18i EXECUTIVE,2002,Caloundra,20050804,Pickup
Chloe Y,BMW,3,E46 18i EXECUTIVE,2002,Caloundra,20050806,Return
Lauren W,BMW,X5,E53 3.0d,2004,Caloundra,20050731,Pickup
Clarence R,BMW,3,18is,1998,Caloundra,20050729,Pickup
Clarence R,BMW,3,18is,1998,Caloundra,20050814,Return
Katherine B,SAAB,9-Mar,S,2001,East Brisbane,20070204,Pickup
Caleb P,SAAB,9000,CD 16,1993,East Brisbane,20070203,Pickup
Caleb P,SAAB,9000,CD 16,1993,East Brisbane,20070207,Return
Katherine B,SAAB,9-Mar,S,2001,East Brisbane,20070204,Return
Shannon H,SAAB,9000,CD 16,1993,East Brisbane,20070203,Return
Katrina B,MAZDA,323,ASTINA,1998,East Brisbane,20061006,Pickup
Maurice G,MAZDA,323,ASTINA,1998,East Brisbane,20061006,Return
Mya F,PEUGEOT,405,Mi16,1993,East Brisbane,20060608,Pickup
Jarrod P,VOLVO,8,50 GLE,1994,East Brisbane,20060429,Pickup
Colin L,RENAULT,CLIO,CAMPUS,2006,East Brisbane,20060415,Pickup
Colin L,RENAULT,CLIO,CAMPUS,2006,East Brisbane,20060419,Return
Colin L,RENAULT,CLIO,CAMPUS,2006,East Brisbane,20060415,Return
José H,MERCEDES-BENZ,A190,W168 AVANTGARDE,2000,East Brisbane,20060320,Pickup
Jasmine T,MERCEDES-BENZ,A190,W168 AVANTGARDE,2000,East Brisbane,20060320,Return
Natalie A,MERCEDES-BENZ,A190,W168 AVANTGARDE,2001,East Brisbane,20060304,Pickup
Xavier L,MERCEDES-BENZ,ML,320 LUXURY 4x4,1999,East Brisbane,20060208,Pickup
Xavier L,MERCEDES-BENZ,ML,320 LUXURY 4x4,1999,East Brisbane,20060212,Return
Hannah L,VOLKSWAGEN,POLO,OPEN AIR,1999,East Brisbane,20060106,Pickup
Melinda G,VOLKSWAGEN,POLO,OPEN AIR,1999,East Brisbane,20060106,Return
Maria R,VOLKSWAGEN,TOUAREG,7L R5 TDi LUXURY,2005,East Brisbane,20051230,Pickup
Maria R,VOLKSWAGEN,TOUAREG,7L R5 TDi LUXURY,2005,East Brisbane,20060111,Return
Leslie M,VOLKSWAGEN,TRANSPORTER,T5 MY08 CREWVAN SWB,2008,East Brisbane,20051018,Return
Curtis L,BMW,3,E46 18i EXECUTIVE,2001,East Brisbane,20050916,Return
Chloe Y,BMW,3,E46 20i SPORT,2005,East Brisbane,20050821,Pickup
Chloe Y,BMW,3,E46 20i SPORT,2005,East Brisbane,20050825,Return
Shannon W,BMW,3,23Ci,1999,East Brisbane,20050818,Pickup
Deanna M,BMW,3,E46 20i SPORT,2005,East Brisbane,20050821,Return
Seth R,SAAB,9-Mar,S,2001,Gold Coast,20070204,Pickup
Katherine B,SAAB,9-Mar,S,2001,Gold Coast,20070204,Return
Mya G,AUDI,TT,MY99,1999,Gold Coast,20070113,Pickup
Mya G,AUDI,TT,MY99,1999,Gold Coast,20070122,Return
Dalton D,SAAB,9-Mar,MY02 AERO,2002,Gold Coast,20061225,Pickup
Frederick S,MAZDA,626,CLASSIC,1998,Gold Coast,20061115,Pickup
Rafael H,MAZDA,323,PROTEGE,1999,Gold Coast,20060827,Pickup
Devin R,CHRYSLER,300C,LE MY06 SRT8,2006,Gold Coast,20060811,Pickup
Sara R,PEUGEOT,206,CC,2006,Gold Coast,20060723,Pickup
Sara R,PEUGEOT,206,CC,2006,Gold Coast,20060723,Return
Jessica W,PEUGEOT,307,XSE,2004,Gold Coast,20060718,Pickup
Jade B,PEUGEOT,307,XSE,2004,Gold Coast,20060718,Return
Gabrielle L,PEUGEOT,306,XT,2000,Gold Coast,20060608,Pickup
Gabrielle L,PEUGEOT,306,XT,2000,Gold Coast,20060613,Return
Ramon Y,NISSAN,200,SX LUXURY,1998,Gold Coast,20060525,Pickup
Deanna S,VOLVO,S40,2,1997,Gold Coast,20060502,Pickup
Charles C,MERCEDES-BENZ,E500,211 AVANTGARDE,2002,Gold Coast,20060307,Pickup
José H,MERCEDES-BENZ,ML,W163 270 CDI LUXURY 4x4,2003,Gold Coast,20060208,Pickup
José H,MERCEDES-BENZ,ML,W163 270 CDI LUXURY 4x4,2003,Gold Coast,20060217,Return
Xavier H,MERCEDES-BENZ,SLK230,KOMPRESSOR,2000,Gold Coast,20060124,Pickup
Megan W,VOLKSWAGEN,CADDY,2K 1.9 TDi,2006,Gold Coast,20051120,Pickup
Heidi L,BMW,3,E46 25Ci,2002,Gold Coast,20050926,Pickup
Heidi L,BMW,3,E46 25Ci,2002,Gold Coast,20051017,Return
Chloe Y,BMW,3,18is,1996,Gold Coast,20050911,Pickup
Chloe Y,BMW,3,18is,1996,Gold Coast,20050916,Return
Ana P,BMW,X5,E53 3.0i,2001,Gold Coast,20050901,Pickup
Ana P,BMW,X5,E53 3.0i,2001,Gold Coast,20050910,Return
Chloe Y,BMW,3,E46 16ti,2002,Gold Coast,20050821,Pickup
Daniel J,BMW,X5,E53 3.0i,2001,Gold Coast,20050901,Return
Carl A,BMW,5,E60 25i,2005,Gold Coast,20050805,Pickup
Carl A,BMW,5,E60 25i,2005,Gold Coast,20050826,Return
Edward W,SAAB,9-May,MY04 AERO,2004,Hawthorne,20061226,Pickup
Edward W,SAAB,9-May,MY04 AERO,2004,Hawthorne,20070114,Return
Ivan M,AUDI,A3,1.6,2003,Hawthorne,20061205,Pickup
Sydney S,MAZDA,626,CLASSIC,1999,Hawthorne,20061119,Pickup
Devin R,MAZDA,323,PROTEGE SHADES,2002,Hawthorne,20061028,Pickup
Devin R,MAZDA,323,PROTEGE SHADES,2002,Hawthorne,20061028,Return
Kyle S,MAZDA,323,ASTINA SHADES,2000,Hawthorne,20061010,Pickup
Kyle S,MAZDA,323,ASTINA SHADES,2000,Hawthorne,20061010,Return
Devin R,MAZDA,323,ASTINA,1995,Hawthorne,20060902,Pickup
Devin R,MAZDA,323,ASTINA,1995,Hawthorne,20060907,Return
Devin R,MAZDA,323,DELUXE,1983,Hawthorne,20060830,Pickup
Devin R,MAZDA,323,DELUXE,1983,Hawthorne,20060915,Return
Randy S,MAZDA,323,ASTINA,1997,Hawthorne,20060828,Pickup
Luke A,PEUGEOT,206,XT,2001,Hawthorne,20060612,Pickup
Luke A,PEUGEOT,206,XT,2001,Hawthorne,20060618,Return
Anne R,VOLVO,2,44 GL,1979,Hawthorne,20060506,Pickup
Anne R,VOLVO,2,44 GL,1979,Hawthorne,20060511,Return
Cara Z,VOLVO,8,50 SE,1997,Hawthorne,20060430,Pickup
Xavier H,RENAULT,CLIO,SPORT,2002,Hawthorne,20060413,Pickup
Jacqueline P,RENAULT,CLIO,SPORT,2002,Hawthorne,20060413,Return
Colin L,MERCEDES-BENZ,180,E LIMITED EDITION,1994,Hawthorne,20060326,Pickup
Colin L,MERCEDES-BENZ,180,E LIMITED EDITION,1994,Hawthorne,20060411,Return
Colin L,MERCEDES-BENZ,180,E LIMITED EDITION,1994,Hawthorne,20060326,Return
Katelyn H,MERCEDES-BENZ,230,W124 E,1988,Hawthorne,20060324,Pickup
Xavier L,MERCEDES-BENZ,230,W124 E,1988,Hawthorne,20060324,Return
Colin L,MERCEDES-BENZ,ML,W163 500 LUXURY 4x4,2004,Hawthorne,20060218,Pickup
Katelyn H,MERCEDES-BENZ,E280,W210 ELEGANCE,1999,Hawthorne,20060212,Pickup
Johnathan V,MERCEDES-BENZ,ML,W163 500 LUXURY 4x4,2004,Hawthorne,20060218,Return
James W,VOLKSWAGEN,POLO,OPEN AIR,1999,Hawthorne,20060107,Pickup
Hannah L,VOLKSWAGEN,POLO,OPEN AIR,1999,Hawthorne,20060107,Return
Meredith G,VOLKSWAGEN,MULTIVAN,T5 COMFORTLINE 4MOTION,2006,Hawthorne,20051128,Pickup
Meredith G,VOLKSWAGEN,MULTIVAN,T5 COMFORTLINE 4MOTION,2006,Hawthorne,20051213,Return
Leslie M,VOLKSWAGEN,CADDY,2K LIFE,2006,Hawthorne,20051107,Pickup
Alvin C,VOLKSWAGEN,MULTIVAN,T5 COMFORTLINE 4MOTION,2006,Hawthorne,20051128,Return
Clinton C,VOLKSWAGEN,TRANSPORTER,T5 SWB,2005,Hawthorne,20051015,Pickup
Clinton C,VOLKSWAGEN,TRANSPORTER,T5 SWB,2005,Hawthorne,20051021,Return
Daniel J,NULL,NULL,NULL,NULL,Hawthorne,20051002,Pickup
Daniel J,NULL,NULL,NULL,NULL,Hawthorne,20051007,Return
Chloe Y,NULL,NULL,NULL,NULL,Hawthorne,20050930,Pickup
Chloe Y,NULL,NULL,NULL,NULL,Hawthorne,20051015,Return
Chloe Y,BMW,3,E46 16ti,2004,Hawthorne,20050915,Pickup
Chloe Y,BMW,3,E46 16ti,2004,Hawthorne,20050917,Return
Lauren W,BMW,X5,E53 3.0d,2004,Hawthorne,20050824,Pickup
Lauren W,BMW,X5,E53 3.0d,2004,Hawthorne,20050915,Return
Lauren W,BMW,X5,E53 3.0d,2004,Hawthorne,20050824,Return
Natalie C,SAAB,9-Mar,S,2001,Hervey Bay,20070206,Pickup
Alyssa H,SAAB,9000,CS,1996,Hervey Bay,20070205,Pickup
Alyssa H,SAAB,9000,CS,1996,Hervey Bay,20070214,Return
Seth R,SAAB,9-Mar,S,2001,Hervey Bay,20070206,Return
Shannon H,SAAB,9000,CS,1996,Hervey Bay,20070205,Return
Jerome N,SAAB,900,SE 2.5 V6,1996,Hervey Bay,20061227,Pickup
Devin R,MAZDA,323,PROTEGE SP20,2002,Hervey Bay,20061101,Pickup
Devin R,MAZDA,323,PROTEGE SP20,2002,Hervey Bay,20061106,Return
Devin R,MAZDA,323,PROTEGE SHADES,2002,Hervey Bay,20061029,Pickup
Devin R,MAZDA,323,PROTEGE SHADES,2002,Hervey Bay,20061112,Return
Sydney B,MAZDA,323,ASTINA SHADES,1998,Hervey Bay,20061008,Pickup
Katrina B,MAZDA,323,ASTINA SHADES,1998,Hervey Bay,20061008,Return
Sydney B,MAZDA,323,SUPER DELUXE,1989,Hervey Bay,20060918,Pickup
Devin R,MAZDA,323,PROTEGE SHADES,2000,Hervey Bay,20060831,Pickup
Devin R,MAZDA,323,PROTEGE SHADES,2000,Hervey Bay,20060916,Return
Trevor J,NULL,NULL,NULL,NULL,Hervey Bay,20060610,Pickup
Sara R,VOLVO,S40,2,1997,Hervey Bay,20060527,Pickup
Raymond R,NISSAN,200,S15 SX SPEC R GT,2002,Hervey Bay,20060525,Pickup
Raymond R,NISSAN,200,S15 SX SPEC R GT,2002,Hervey Bay,20060613,Return
Ramon Y,VOLVO,S40,2,1997,Hervey Bay,20060527,Return
Raymond R,VOLVO,S40,T4,1998,Hervey Bay,20060504,Pickup
Raymond R,VOLVO,S40,T4,1998,Hervey Bay,20060525,Return
Carrie O,VOLVO,V40,2,1997,Hervey Bay,20060501,Pickup
Carrie O,VOLVO,V40,2,1997,Hervey Bay,20060510,Return
Jasmine T,MERCEDES-BENZ,A190,W168 AVANTGARDE,2000,Hervey Bay,20060305,Pickup
Nicholas T,MERCEDES-BENZ,C200,W202 ELEGANCE,2000,Hervey Bay,20060224,Pickup
Nicholas T,MERCEDES-BENZ,C200,W202 ELEGANCE,2000,Hervey Bay,20060312,Return
Jason W,VOLKSWAGEN,1600,SUPER BUG L,1975,Hervey Bay,20060101,Pickup
Jason W,VOLKSWAGEN,1600,SUPER BUG L,1975,Hervey Bay,20060101,Return
Maria R,VOLKSWAGEN,CADDY,2K 1.9 TDi,2006,Hervey Bay,20051215,Pickup
Maria R,VOLKSWAGEN,CADDY,2K 1.9 TDi,2006,Hervey Bay,20051224,Return
Maria R,VOLKSWAGEN,CADDY,2K 1.9 TDi,2006,Hervey Bay,20051215,Return
Meredith G,VOLKSWAGEN,TOUAREG,7L R5 TDi LUXURY,2006,Hervey Bay,20051201,Pickup
Meredith G,VOLKSWAGEN,TOUAREG,7L R5 TDi LUXURY,2006,Hervey Bay,20051206,Return
Clinton C,VOLKSWAGEN,GOLF,1.6 GENERATION,2004,Hervey Bay,20051122,Pickup
Clinton C,VOLKSWAGEN,GOLF,1.6 GENERATION,2004,Hervey Bay,20051211,Return
Hannah L,VOLKSWAGEN,JETTA,1KM 2.0 TURBO FSI,2006,Hervey Bay,20051108,Pickup
Brianna H,VOLKSWAGEN,TOUAREG,7L R5 TDi LUXURY,2006,Hervey Bay,20051201,Return
Meredith G,VOLKSWAGEN,JETTA,1KM 2.0 TURBO FSI,2006,Hervey Bay,20051108,Return
Crystal W,VOLKSWAGEN,GOLF,GL,2001,Hervey Bay,20051021,Pickup
Crystal W,VOLKSWAGEN,GOLF,GL,2001,Hervey Bay,20051119,Return
Alvin C,VOLKSWAGEN,POLO,9N MY07 UPGRADE CLUB,2007,Hervey Bay,20051013,Pickup
Alvin C,VOLKSWAGEN,POLO,9N MY07 UPGRADE CLUB,2007,Hervey Bay,20051018,Return
Chloe Y,DATSUN,180B,SSS,1977,Hervey Bay,20051003,Pickup
Chloe Y,DATSUN,180B,SSS,1977,Hervey Bay,20051008,Return
Deanna M,BMW,3,E46 18i EXECUTIVE,2000,Hervey Bay,20050911,Return
Lauren W,BMW,5,E34 25i EXECUTIVE,1996,Hervey Bay,20050807,Pickup
Lauren W,BMW,5,E34 25i EXECUTIVE,1996,Hervey Bay,20050828,Return
Wyatt H,BMW,7,35i,1984,Hervey Bay,20050725,Pickup
Chloe Y,BMW,5,E34 25i EXECUTIVE,1996,Hervey Bay,20050807,Return
Shannon W,LAND ROVER,DISCOVERY,ES V8 4x4,1999,Hervey Bay,20050715,Pickup
Shannon W,LAND ROVER,DISCOVERY,ES V8 4x4,1999,Hervey Bay,20050813,Return
Curtis L,LAND ROVER,DISCOVERY,ES V8 4x4,1999,Hervey Bay,20050715,Return
Katherine B,SAAB,9-Mar,MY07 LINEAR SPORT 1.9TiD SPORTCOMBI,2007,Rockhampton,20070118,Pickup
Natalie C,SAAB,9-Mar,MY07 LINEAR SPORT 1.9TiD SPORTCOMBI,2007,Rockhampton,20070118,Return
Alyssa H,SAAB,9-Mar,MY04 ARC 2.0T,2004,Rockhampton,20061225,Pickup
Alyssa H,SAAB,9-Mar,MY04 ARC 2.0T,2004,Rockhampton,20070113,Return
Lucas E,MAZDA,626,LIMITED EDITION,2000,Rockhampton,20061119,Pickup
Lucas E,MAZDA,626,LIMITED EDITION,2000,Rockhampton,20061127,Return
Felicia R,MAZDA,626,CLASSIC,2001,Rockhampton,20061118,Pickup
Felicia R,MAZDA,626,CLASSIC,2001,Rockhampton,20061218,Return
Randy S,MAZDA,323,ASTINA,1998,Rockhampton,20061010,Pickup
Randy S,MAZDA,323,ASTINA,1998,Rockhampton,20061014,Return
Katrina B,MAZDA,323,ASTINA,1998,Rockhampton,20061010,Return
Lacey Z,MAZDA,323,ASTINA SHADES,2001,Rockhampton,20060925,Pickup
Lacey Z,MAZDA,323,ASTINA SHADES,2001,Rockhampton,20061015,Return
Sydney B,MAZDA,323,ASTINA SHADES,2001,Rockhampton,20060829,Pickup
Sydney B,MAZDA,323,ASTINA SHADES,2001,Rockhampton,20060925,Return
Jessica W,PEUGEOT,307,MY06 UPGRADE XSE HDi 2.0 TOURING,2006,Rockhampton,20060722,Pickup
Jade B,PEUGEOT,307,MY06 UPGRADE XSE HDi 2.0 TOURING,2006,Rockhampton,20060722,Return
Victoria R,PEUGEOT,206,CC,2005,Rockhampton,20060614,Pickup
Victoria R,PEUGEOT,206,CC,2005,Rockhampton,20060714,Return
Gabrielle L,PEUGEOT,206,GTi,2004,Rockhampton,20060612,Pickup
Gabrielle L,PEUGEOT,206,GTi,2004,Rockhampton,20060616,Return
Sara R,VOLVO,S40,2,1997,Rockhampton,20060529,Pickup
Sara R,VOLVO,S40,2,1997,Rockhampton,20060619,Return
Sara R,VOLVO,S40,2,1997,Rockhampton,20060529,Return
Xavier H,RENAULT,CLIO,SPORT,2002,Rockhampton,20060416,Pickup
Xavier H,RENAULT,CLIO,SPORT,2002,Rockhampton,20060416,Return
Shannon L,MERCEDES-BENZ,180,E LIMITED EDITION,1992,Rockhampton,20060324,Pickup
Shannon L,MERCEDES-BENZ,180,E LIMITED EDITION,1992,Rockhampton,20060411,Return
Victoria S,MERCEDES-BENZ,180,E LIMITED EDITION,1992,Rockhampton,20060324,Return
Hannah L,VOLKSWAGEN,POLO,OPEN AIR,1999,Rockhampton,20060110,Pickup
James W,VOLKSWAGEN,POLO,OPEN AIR,1999,Rockhampton,20060110,Return
Melinda G,VOLKSWAGEN,POLO,OPEN AIR,1999,Rockhampton,20060103,Pickup
Megan W,VOLKSWAGEN,POLO,OPEN AIR,1999,Rockhampton,20060103,Return
Angela J,VOLKSWAGEN,GOLF,GL,2000,Rockhampton,20051127,Pickup
Angela J,VOLKSWAGEN,GOLF,GL,2000,Rockhampton,20051215,Return
Hunter R,VOLKSWAGEN,POLO,9N MY07 UPGRADE GTi,2007,Rockhampton,20051124,Pickup
Hunter R,VOLKSWAGEN,POLO,9N MY07 UPGRADE GTi,2007,Rockhampton,20051128,Return
Meredith G,VOLKSWAGEN,GOLF,1K GT,2007,Rockhampton,20051023,Pickup
Meredith G,VOLKSWAGEN,GOLF,1K GT,2007,Rockhampton,20051027,Return
Lauren W,BMW,3,E46 18i,1999,Rockhampton,20051007,Pickup
Lauren W,BMW,3,E46 18i,1999,Rockhampton,20051027,Return
Daniel J,MAZDA,121,METRO SHADES,2001,Rockhampton,20051005,Pickup
Daniel J,MAZDA,121,METRO SHADES,2001,Rockhampton,20051009,Return
Lauren W,BMW,3,E46 18i,1999,Rockhampton,20051007,Return
Chloe Y,BMW,3,18i,1994,Rockhampton,20050915,Pickup
Chloe Y,BMW,3,18i,1994,Rockhampton,20050919,Return
Michele N,BMW,X5,E53 3.0i,2006,Rockhampton,20050905,Pickup
Michele N,BMW,X5,E53 3.0i,2006,Rockhampton,20050913,Return
Natalie C,SAAB,9-Mar,MY07 LINEAR SPORT 1.9TiD SPORTCOMBI,2007,Townsville,20070118,Pickup
Katherine B,SAAB,9-Mar,MY07 LINEAR SPORT 1.9TiD SPORTCOMBI,2007,Townsville,20070118,Return
Sydney S,AUDI,A4,B6 2.0,2002,Townsville,20061119,Pickup
Randy S,MAZDA,323,SUPER DELUXE,1989,Townsville,20061010,Pickup
Sydney B,MAZDA,323,SUPER DELUXE,1989,Townsville,20061010,Return
Mya F,PEUGEOT,405,D60 SRI,1992,Townsville,20060722,Pickup
Victoria R,PEUGEOT,307,XSE,2003,Townsville,20060614,Pickup
Victoria R,PEUGEOT,307,XSE,2003,Townsville,20060715,Return
Roberto G,VOLVO,XC90,MY06 LIFESTYLE EDITION LE,2006,Townsville,20060503,Pickup
Roberto G,VOLVO,XC90,MY06 LIFESTYLE EDITION LE,2006,Townsville,20060508,Return
Xavier L,MERCEDES-BENZ,ML,W163 500 LUXURY 4x4,2001,Townsville,20060324,Pickup
Xavier L,MERCEDES-BENZ,ML,W163 500 LUXURY 4x4,2001,Townsville,20060329,Return
Charles M,MERCEDES-BENZ,ML,W163 500 LUXURY 4x4,2001,Townsville,20060324,Return
Katelyn H,MERCEDES-BENZ,A160,AVANTGARDE,1999,Townsville,20060212,Pickup
Katelyn H,MERCEDES-BENZ,A160,AVANTGARDE,1999,Townsville,20060221,Return
Hannah L,VOLKSWAGEN,POLO,9N,2003,Townsville,20051218,Pickup
Russell S,VOLKSWAGEN,POLO,9N,2003,Townsville,20051218,Return
Micheal B,VOLKSWAGEN,MULTIVAN,T5 HIGHLINE,2006,Townsville,20051015,Pickup
Micheal B,VOLKSWAGEN,MULTIVAN,T5 HIGHLINE,2006,Townsville,20051024,Return
Curtis L,BMW,3,18i,1995,Townsville,20050905,Pickup
Curtis L,BMW,3,18i,1995,Townsville,20050910,Return
Natalie C,SAAB,9-Mar,S,2001,Cloverdale,20070210,Pickup
Natalie C,SAAB,9-Mar,S,2001,Cloverdale,20070210,Return
Shannon A,SAAB,900,S 2.5 V6,1994,Cloverdale,20061230,Pickup
Shannon A,SAAB,900,S 2.5 V6,1994,Cloverdale,20070115,Return
Deb T,AUDI,A3,8P SPORTBACK 2.0 TDI AMBITION DSG,2005,Cloverdale,20061121,Pickup
Deb T,AUDI,A3,8P SPORTBACK 2.0 TDI AMBITION DSG,2005,Cloverdale,20061128,Return
Ian R,MAZDA,323,SUPER DELUXE,1988,Cloverdale,20061019,Return
Sydney B,MAZDA,323,SUPER DELUXE,1988,Cloverdale,20060922,Pickup
Megan S,MAZDA,323,PROTEGE,1997,Cloverdale,20060902,Pickup
Megan S,MAZDA,323,PROTEGE,1997,Cloverdale,20060910,Return
Victoria R,PEUGEOT,405,Mi16,1993,Cloverdale,20060706,Pickup
Victoria R,PEUGEOT,405,Mi16,1993,Cloverdale,20060726,Return
Mya F,PEUGEOT,405,Mi16,1993,Cloverdale,20060706,Return
Victoria S,MERCEDES-BENZ,230,W124 E,1988,Cloverdale,20060326,Pickup
Katelyn H,MERCEDES-BENZ,230,W124 E,1988,Cloverdale,20060326,Return
Natalie A,MERCEDES-BENZ,C180,W203 KOMPRESSOR AVANTGARDE,2002,Cloverdale,20060220,Pickup
Katelyn H,MERCEDES-BENZ,ML,270 CDI 4x4,2001,Cloverdale,20060214,Pickup
Katelyn H,MERCEDES-BENZ,ML,270 CDI 4x4,2001,Cloverdale,20060222,Return
Colin L,MERCEDES-BENZ,C180,W203 KOMPRESSOR AVANTGARDE,2002,Cloverdale,20060220,Return
James W,VOLKSWAGEN,POLO,OPEN AIR,1999,Cloverdale,20060112,Pickup
James W,VOLKSWAGEN,POLO,OPEN AIR,1999,Cloverdale,20060212,Return
Hannah L,VOLKSWAGEN,POLO,OPEN AIR,1999,Cloverdale,20060112,Return
Melinda G,VOLKSWAGEN,1600,SUPER BUG L,1975,Cloverdale,20060105,Pickup
Melinda G,VOLKSWAGEN,1600,SUPER BUG L,1975,Cloverdale,20060109,Return
Jason W,VOLKSWAGEN,1600,SUPER BUG L,1975,Cloverdale,20060105,Return
Hannah L,VOLKSWAGEN,GOLF,1K 2.0 FSI SPORTLINE,2006,Cloverdale,20051129,Pickup
Hannah L,VOLKSWAGEN,GOLF,1K 2.0 FSI SPORTLINE,2006,Cloverdale,20051210,Return
Evan J,VOLKSWAGEN,GOLF,1K 2.0 TDI COMFORTLINE,2006,Cloverdale,20051126,Pickup
Russell S,VOLKSWAGEN,GOLF,1K 2.0 FSI SPORTLINE,2006,Cloverdale,20051210,Return
Shannon W,BMW,3,18i,1989,Cloverdale,20050914,Pickup
Shannon W,BMW,3,18i,1989,Cloverdale,20051014,Return
Natalie C,SAAB,9-Mar,MY07 LINEAR SPORT 1.9TiD SPORTCOMBI,2007,Findon,20070120,Pickup
Natalie C,SAAB,9-Mar,MY07 LINEAR SPORT 1.9TiD SPORTCOMBI,2007,Findon,20070120,Return
Deb T,SAAB,9-May,MY01 S,2001,Findon,20061231,Pickup
Deb T,SAAB,9-May,MY01 S,2001,Findon,20070119,Return
Katherine B,SAAB,9-Mar,MY03 TURBO 2.0t LTD ED,2003,Findon,20061228,Pickup
Deb T,AUDI,90,SPORT,1990,Findon,20061121,Pickup
Deb T,AUDI,90,SPORT,1990,Findon,20061129,Return
Katrina B,MAZDA,323,ASTINA,1993,Findon,20061012,Pickup
Kyle S,MAZDA,323,ASTINA,1993,Findon,20061012,Return
Sydney B,CHRYSLER,PT CRUISER,CLASSIC,2004,Findon,20060814,Pickup
Sydney B,CHRYSLER,PT CRUISER,CLASSIC,2004,Findon,20060915,Return
Trevor J,PEUGEOT,307,MY06 UPGRADE SPORT 2.0,2005,Findon,20060724,Pickup
Trevor J,PEUGEOT,307,MY06 UPGRADE SPORT 2.0,2005,Findon,20060813,Return
Erin S,PEUGEOT,307,MY06 UPGRADE SPORT 2.0,2005,Findon,20060724,Return
Raymond R,PEUGEOT,205,GTi,1990,Findon,20060526,Pickup
Raymond R,PEUGEOT,205,GTi,1990,Findon,20060617,Return
Carrie O,VOLVO,4,40 GLT,1994,Findon,20060505,Pickup
Carrie O,VOLVO,4,40 GLT,1994,Findon,20060514,Return
Jacqueline P,MERCEDES-BENZ,E280,W210 ELEGANCE,1999,Findon,20060310,Pickup
Jacqueline P,MERCEDES-BENZ,E280,W210 ELEGANCE,1999,Findon,20060411,Return
Victoria S,MERCEDES-BENZ,A170,W169 ELEGANCE,2006,Findon,20060214,Pickup
Katelyn H,MERCEDES-BENZ,E280,W210 ELEGANCE,1999,Findon,20060310,Return
James W,VOLKSWAGEN,POLO,9N,2003,Findon,20051220,Pickup
James W,VOLKSWAGEN,POLO,9N,2003,Findon,20060111,Return
Hannah L,VOLKSWAGEN,POLO,9N,2003,Findon,20051220,Return
Evan J,VOLKSWAGEN,GOLF,1K GTi,2007,Findon,20051017,Pickup
Wyatt H,BMW,3,E36 28i,1996,Findon,20050729,Pickup
Heidi L,LAND ROVER,DISCOVERY,SERIES II S 4x4,2003,Findon,20050716,Pickup
Heidi L,LAND ROVER,DISCOVERY,SERIES II S 4x4,2003,Findon,20050817,Return
Wyatt H,LAND ROVER,DISCOVERY,SERIES II S 4x4,2003,Findon,20050716,Return
Deb T,SAAB,9-Mar,MY05 AERO,2005,Perth,20070101,Pickup
Deb T,SAAB,9-Mar,MY05 AERO,2005,Perth,20070109,Return
Sydney S,AUDI,A4,B7 2.0,2007,Perth,20061125,Pickup
Sydney B,MAZDA,323,PROTEGE SHADES,2002,Perth,20061103,Pickup
Devin R,MAZDA,323,PROTEGE SHADES,2002,Perth,20061103,Return
Megan S,MAZDA,323,ASTINA SHADES,2000,Perth,20061016,Pickup
Kyle S,MAZDA,323,ASTINA SHADES,2000,Perth,20061016,Return
Katrina B,MAZDA,323,PROTEGE,1998,Perth,20060903,Pickup
Katrina B,MAZDA,323,PROTEGE,1998,Perth,20060912,Return
Mya F,PEUGEOT,206,XR,2002,Perth,20060618,Pickup
José H,MERCEDES-BENZ,A190,W168 AVANTGARDE,2001,Perth,20060327,Pickup
Natalie A,MERCEDES-BENZ,A190,W168 AVANTGARDE,2001,Perth,20060328,Return
Melinda G,VOLKSWAGEN,TOUAREG,7L R5 TDi LUXURY,2005,Perth,20060106,Pickup
Melinda G,VOLKSWAGEN,TOUAREG,7L R5 TDi LUXURY,2005,Perth,20060111,Return
Maria R,VOLKSWAGEN,TOUAREG,7L R5 TDi LUXURY,2005,Perth,20060106,Return
Megan W,VOLKSWAGEN,GOLF,1K 1.6 TRENDLINE,2005,Perth,20051127,Pickup
Megan W,VOLKSWAGEN,GOLF,1K 1.6 TRENDLINE,2005,Perth,20051215,Return
Gilbert R,BMW,3,23Ci,1999,Perth,20050908,Pickup
Gilbert R,BMW,3,23Ci,1999,Perth,20050913,Return
Shannon W,BMW,3,23Ci,1999,Perth,20050908,Return
Wyatt H,BMW,3,18i,1997,Perth,20050730,Pickup
Katherine B,SAAB,9-Mar,S,2001,Hobart,20070212,Pickup
Dalton D,MAZDA,929,LUXURY,1986,Hobart,20070211,Pickup
Natalie C,SAAB,9-Mar,S,2001,Hobart,20070212,Return
Alyssa H,MAZDA,929,LUXURY,1986,Hobart,20070211,Return
Shannon H,AUDI,A3,1.8 TURBO,2004,Hobart,20070102,Pickup
Shannon H,AUDI,A3,1.8 TURBO,2004,Hobart,20070107,Return
Sydney S,AUDI,A3,1.8 TURBO,2004,Hobart,20070102,Return
Sydney B,MAZDA,323,PROTEGE SHADES,2002,Hobart,20061107,Pickup
Sydney B,MAZDA,323,PROTEGE SHADES,2002,Hobart,20061125,Return
Sydney B,MAZDA,323,PROTEGE SHADES,2002,Hobart,20061107,Return
Randy S,MAZDA,323,ASTINA SHADES,1998,Hobart,20061014,Pickup
Randy S,MAZDA,323,ASTINA SHADES,1998,Hobart,20061019,Return
Sydney B,MAZDA,323,ASTINA SHADES,1998,Hobart,20061014,Return
Sydney B,PEUGEOT,206,XR,2003,Hobart,20060816,Pickup
Sydney B,PEUGEOT,206,XR,2003,Hobart,20060917,Return
Hailey W,PEUGEOT,206,XR,2003,Hobart,20060816,Return
Trevor J,PEUGEOT,206,CC,2006,Hobart,20060726,Pickup
Trevor J,PEUGEOT,206,CC,2006,Hobart,20060815,Return
Sara R,PEUGEOT,206,CC,2006,Hobart,20060726,Return
Cara Z,VOLVO,7,40 TURBO,1989,Hobart,20060507,Pickup
Jacqueline P,RENAULT,CLIO,SPORT,2002,Hobart,20060423,Pickup
Jacqueline P,RENAULT,CLIO,SPORT,2002,Hobart,20060511,Return
Shannon L,VOLVO,7,40 TURBO,1989,Hobart,20060507,Return
Xavier H,RENAULT,CLIO,SPORT,2002,Hobart,20060423,Return
Jacqueline P,MERCEDES-BENZ,E55,211 MY06 UPGRADE AMG,2006,Hobart,20060330,Pickup
Jacqueline P,MERCEDES-BENZ,E55,211 MY06 UPGRADE AMG,2006,Hobart,20060411,Return
Johnathan V,MERCEDES-BENZ,A190,W168 AVANTGARDE,2001,Hobart,20060328,Pickup
José H,MERCEDES-BENZ,A190,W168 AVANTGARDE,2001,Hobart,20060328,Return
Victoria S,MERCEDES-BENZ,E55,211 MY06 UPGRADE AMG,2006,Hobart,20060410,Return
Natalie A,MERCEDES-BENZ,C180,W203 KOMPRESSOR AVANTGARDE,2002,Hobart,20060222,Pickup
Natalie A,MERCEDES-BENZ,C180,W203 KOMPRESSOR AVANTGARDE,2002,Hobart,20060313,Return
Natalie A,MERCEDES-BENZ,C180,W203 KOMPRESSOR AVANTGARDE,2002,Hobart,20060222,Return
Xavier L,ALFA ROMEO,156,2.0 SELESPEED TWIN SPARK,1999,Hobart,20060216,Pickup
Xavier L,ALFA ROMEO,156,2.0 SELESPEED TWIN SPARK,1999,Hobart,20060221,Return
Jacqueline P,NULL,NULL,NULL,NULL,Hobart,20060204,Pickup
Jacqueline P,NULL,NULL,NULL,NULL,Hobart,20060225,Return
Shannon L,ALFA ROMEO,156,2.0 SELESPEED TWIN SPARK,1999,Hobart,20060216,Return
Hannah L,VOLKSWAGEN,JETTA,1KM 2.0 TURBO FSI,2006,Hobart,20051114,Pickup
Hannah L,VOLKSWAGEN,JETTA,1KM 2.0 TURBO FSI,2006,Hobart,20051215,Return
Hannah L,VOLKSWAGEN,JETTA,1KM 2.0 TURBO FSI,2006,Hobart,20051114,Return
Curtis L,BMW,X5,E53 MY06 UPGRADE 3.0d,2006,Hobart,20050909,Pickup
Curtis L,BMW,X5,E53 MY06 UPGRADE 3.0d,2006,Hobart,20050914,Return
Maurice G,MAZDA,323,ASTINA,1996,Bendigo,20061016,Pickup
Maurice G,MAZDA,323,ASTINA,1996,Bendigo,20061023,Return
Devin R,MAZDA,323,ASTINA,1996,Bendigo,20061016,Return
Randy S,CHRYSLER,300C,LE MY06 CRD,2006,Bendigo,20060906,Pickup
Megan S,CHRYSLER,300C,LE MY06 CRD,2006,Bendigo,20060906,Return
Johnathan V,MERCEDES-BENZ,CLK230,KOMP ELEGANCE,2000,Bendigo,20060329,Pickup
Nicholas T,MERCEDES-BENZ,CLK230,KOMP ELEGANCE,2000,Bendigo,20060410,Return
Johnathan V,MERCEDES-BENZ,ML,W163 320 LUXURY 4x4,2002,Bendigo,20060218,Pickup
Xavier L,MERCEDES-BENZ,ML,W163 320 LUXURY 4x4,2002,Bendigo,20060218,Return
Melinda G,NULL,NULL,NULL,NULL,Bendigo,20060109,Pickup
Melinda G,NULL,NULL,NULL,NULL,Bendigo,20060113,Return
Evan J,VOLKSWAGEN,JETTA,1KM 2.0 FSI,2007,Bendigo,20051021,Pickup
Jacquelyn S,BMW,3,E46 18i,1999,Bendigo,20050911,Pickup
Edward W,SAAB,9-Mar,S,2001,Cranbourne,20070213,Pickup
Edward W,SAAB,9-Mar,S,2001,Cranbourne,20070221,Return
Katherine B,SAAB,9-Mar,S,2001,Cranbourne,20070213,Return
Megan S,MAZDA,323,SUPER DELUXE,1989,Cranbourne,20061016,Pickup
Randy S,MAZDA,323,SUPER DELUXE,1989,Cranbourne,20061016,Return
Rafael H,CHRYSLER,PT CRUISER,MY06 CLASSIC,2005,Cranbourne,20060906,Pickup
Rafael H,CHRYSLER,PT CRUISER,MY06 CLASSIC,2005,Cranbourne,20060914,Return
Kyle S,CHRYSLER,PT CRUISER,MY06 CLASSIC,2005,Cranbourne,20060906,Return
Erin S,PEUGEOT,307,XSE,2004,Cranbourne,20060728,Pickup
Erin S,PEUGEOT,307,XSE,2004,Cranbourne,20060816,Return
Jessica W,PEUGEOT,307,XSE,2004,Cranbourne,20060728,Return
Gabrielle L,NISSAN,200,SX SPORTS LIMITED,1994,Cranbourne,20060618,Pickup
Terrence C,NISSAN,200,SX SPORTS LIMITED,1994,Cranbourne,20060618,Return
Deanna S,VOLVO,S40,MY2001 2.0 SE,2001,Cranbourne,20060517,Return
Luke L,BMW,3,23i,1996,Cranbourne,20050802,Pickup
Shannon H,MAZDA,929,LUXURY,1986,Geelong,20070215,Pickup
Shannon H,MAZDA,929,LUXURY,1986,Geelong,20070219,Return
Dalton D,MAZDA,929,LUXURY,1986,Geelong,20070215,Return
Edward W,AUDI,A3,1.6,2003,Geelong,20070106,Pickup
Edward W,AUDI,A3,1.6,2003,Geelong,20070113,Return
Shannon A,AUDI,A3,1.6,2003,Geelong,20070106,Return
Ian R,MAZDA,323,ASTINA SHADES,2000,Geelong,20061025,Return
Maurice G,CHRYSLER,PT CRUISER,CLASSIC,2001,Geelong,20060908,Pickup
Rafael H,CHRYSLER,PT CRUISER,CLASSIC,2001,Geelong,20060908,Return
Gabrielle L,NISSAN,200,SX SPORTS,1996,Geelong,20060620,Pickup
Gabrielle L,NISSAN,200,SX SPORTS,1996,Geelong,20060624,Return
Carrie O,NISSAN,200,SX SPORTS,1996,Geelong,20060620,Return
Jarrod P,VOLVO,7,40 TURBO,1989,Geelong,20060511,Pickup
Cara Z,VOLVO,7,40 TURBO,1989,Geelong,20060511,Return
Xavier L,MERCEDES-BENZ,A190,W168 AVANTGARDE,2001,Geelong,20060331,Pickup
Xavier L,MERCEDES-BENZ,A190,W168 AVANTGARDE,2001,Geelong,20060416,Return
Johnathan V,MERCEDES-BENZ,A190,W168 AVANTGARDE,2001,Geelong,20060412,Return
Caleb P,SAAB,9-Mar,AERO,2000,Melbourne,20070215,Pickup
Caleb P,SAAB,9-Mar,AERO,2000,Melbourne,20070220,Return
Shannon A,AUDI,S3,1.8,2000,Melbourne,20070106,Return
Edward W,AUDI,S3,1.8,2000,Melbourne,20070106,Pickup
Megan S,MAZDA,323,ASTINA,2003,Melbourne,20061018,Pickup
Kyle S,MAZDA,323,ASTINA,2003,Melbourne,20061018,Return
Erin S,PEUGEOT,206,XR,2004,Melbourne,20060730,Pickup
Erin S,PEUGEOT,206,XR,2004,Melbourne,20060818,Return
Luke A,PEUGEOT,206,XR,2004,Melbourne,20060810,Return
Luke A,NISSAN,200,SX LUXURY,1998,Melbourne,20060620,Pickup
Jade B,NISSAN,200,SX LUXURY,1998,Melbourne,20060620,Return
Cara Z,VOLVO,V50,MY07 2.4 LE,2007,Melbourne,20060511,Pickup
Cara Z,VOLVO,V50,MY07 2.4 LE,2007,Melbourne,20060519,Return
Katelyn H,MERCEDES-BENZ,230,W124 E,1988,Melbourne,20060401,Pickup
Katelyn H,MERCEDES-BENZ,230,W124 E,1988,Melbourne,20060410,Return
Victoria S,MERCEDES-BENZ,230,W124 E,1988,Melbourne,20060401,Return
Katelyn H,MERCEDES-BENZ,ML,W163 500 LUXURY 4x4,2004,Melbourne,20060220,Pickup
Katelyn H,MERCEDES-BENZ,ML,W163 500 LUXURY 4x4,2004,Melbourne,20060228,Return
Colin L,MERCEDES-BENZ,ML,W163 500 LUXURY 4x4,2004,Melbourne,20060220,Return
Alvin C,VOLKSWAGEN,GOLF,GL,1995,Melbourne,20051023,Pickup
Alvin C,VOLKSWAGEN,GOLF,GL,1995,Melbourne,20051028,Return
Michele N,BMW,7,35i EXECUTIVE,1987,Melbourne,20050804,Pickup
Michele N,BMW,7,35i EXECUTIVE,1987,Melbourne,20050813,Return
Heidi L,BMW,7,35i EXECUTIVE,1987,Melbourne,20050804,Return
Lucas E,MITSUBISHI,380,DB,2005,Melton,20061128,Pickup
Megan S,MITSUBISHI,380,DB,2005,Melton,20061129,Return
Rafael H,MAZDA,323,ASTINA,2003,Melton,20061022,Pickup
Rafael H,MAZDA,323,ASTINA,2003,Melton,20061027,Return
Megan S,MAZDA,323,ASTINA,2003,Melton,20061022,Return
Rafael H,CHRYSLER,300C,LE MY06 SRT8,2006,Melton,20060909,Pickup
Rafael H,CHRYSLER,300C,LE MY06 SRT8,2006,Melton,20060917,Return
Katrina B,CHRYSLER,300C,LE MY06 SRT8,2006,Melton,20060909,Return
Erin S,PEUGEOT,307,MY06 UPGRADE XSE HDi 2.0 TOURING,2006,Melton,20060731,Pickup
Erin S,PEUGEOT,307,MY06 UPGRADE XSE HDi 2.0 TOURING,2006,Melton,20060819,Return
Jessica W,PEUGEOT,307,MY06 UPGRADE XSE HDi 2.0 TOURING,2006,Melton,20060814,Return
Mya F,NISSAN,200,SX LUXURY,1998,Melton,20060624,Pickup
Luke A,NISSAN,200,SX LUXURY,1998,Melton,20060624,Return
Victoria S,MERCEDES-BENZ,CLK230,KOMP ELEGANCE,2000,Melton,20060405,Pickup
Johnathan V,MERCEDES-BENZ,CLK230,KOMP ELEGANCE,2000,Melton,20060405,Return
Hunter R,VOLKSWAGEN,JETTA,1KM 2.0 TDI,2007,Melton,20051206,Pickup
Hunter R,VOLKSWAGEN,JETTA,1KM 2.0 TDI,2007,Melton,20051208,Return
Melinda G,VOLKSWAGEN,JETTA,1KM 2.0 TDI,2007,Melton,20051206,Return
Dalton D,SAAB,9-Mar,S,2000,Seaford,20070217,Pickup
Dalton D,SAAB,9-Mar,S,2000,Seaford,20070225,Return
Deb T,MITSUBISHI,380,DB,2005,Seaford,20061129,Pickup
Lucas E,MITSUBISHI,380,DB,2005,Seaford,20061129,Return
Randy S,MAZDA,323,SUPER DELUXE,1989,Seaford,20061020,Pickup
Randy S,MAZDA,323,SUPER DELUXE,1989,Seaford,20061025,Return
Megan S,MAZDA,323,SUPER DELUXE,1989,Seaford,20061020,Return
Randy S,CHRYSLER,PT CRUISER,CLASSIC,2001,Seaford,20060910,Pickup
Randy S,CHRYSLER,PT CRUISER,CLASSIC,2001,Seaford,20060915,Return
Maurice G,CHRYSLER,PT CRUISER,CLASSIC,2001,Seaford,20060910,Return
Jade B,NISSAN,200,SX SPORTS LIMITED,1998,Seaford,20060622,Pickup
Sara R,NISSAN,200,SX SPORTS LIMITED,1998,Seaford,20060622,Return
Carrie O,RENAULT,MEGANE,EXPRESSION,2002,Seaford,20060513,Pickup
Carrie O,RENAULT,MEGANE,EXPRESSION,2002,Seaford,20060522,Return
Xavier L,RENAULT,MEGANE,EXPRESSION,2002,Seaford,20060513,Return
Victoria S,MERCEDES-BENZ,A190,W168 AVANTGARDE,2000,Seaford,20060403,Pickup
José H,MERCEDES-BENZ,A190,W168 AVANTGARDE,2000,Seaford,20060403,Return
Ian J,BMW,3,E90 20i,2006,Seaford,20050915,Pickup
Ian J,BMW,3,E90 20i,2006,Seaford,20050924,Return
Ian J,BMW,3,E91 23i TOURING,2006,Seaford,20050806,Pickup
Ian J,BMW,3,E91 23i TOURING,2006,Seaford,20050815,Return
Caleb P,SAAB,9000,CS,1997,South Melbourne,20070219,Pickup
Caleb P,SAAB,9000,CS,1997,South Melbourne,20070223,Return
Shannon H,SAAB,9000,CS,1997,South Melbourne,20070219,Return
Caleb P,AUDI,S3,1.8,2000,South Melbourne,20070110,Pickup
Caleb P,AUDI,S3,1.8,2000,South Melbourne,20070114,Return
Edward W,AUDI,S3,1.8,2000,South Melbourne,20070110,Return
Katrina B,CHRYSLER,300C,LE MY06 CRD,2006,South Melbourne,20060912,Pickup
Katrina B,CHRYSLER,300C,LE MY06 CRD,2006,South Melbourne,20060920,Return
Randy S,CHRYSLER,300C,LE MY06 CRD,2006,South Melbourne,20060912,Return
Trevor J,NISSAN,200,S15 SX SPEC S GT,2002,South Melbourne,20060624,Pickup
Trevor J,NISSAN,200,S15 SX SPEC S GT,2002,South Melbourne,20060712,Return
Deanna S,NISSAN,200,S15 SX SPEC S GT,2002,South Melbourne,20060624,Return
Xavier L,MERCEDES-BENZ,SLK230,KOMPRESSOR,2000,South Melbourne,20060224,Pickup
Xavier L,MERCEDES-BENZ,SLK230,KOMPRESSOR,2000,South Melbourne,20060228,Return
Xavier H,MERCEDES-BENZ,SLK230,KOMPRESSOR,2000,South Melbourne,20060224,Return
Jason W,VOLKSWAGEN,PASSAT,3C 3.2 V6 FSI,2006,South Melbourne,20060115,Pickup
Jason W,VOLKSWAGEN,PASSAT,3C 3.2 V6 FSI,2006,South Melbourne,20060122,Return
Hannah L,VOLKSWAGEN,PASSAT,3C 3.2 V6 FSI,2006,South Melbourne,20060115,Return
Sydney B,BMW,5,E39 23i,1996,South Melbourne,20050917,Pickup
Edward W,AUDI,TT,QUATTRO,2004,Sunbury,20070110,Pickup
Edward W,AUDI,TT,QUATTRO,2004,Sunbury,20070118,Return
Deb T,AUDI,TT,QUATTRO,2004,Sunbury,20070110,Return
Deb T,MITSUBISHI,380,DB,2005,Sunbury,20061201,Pickup
Deb T,MITSUBISHI,380,DB,2005,Sunbury,20061209,Return
Deb T,MITSUBISHI,380,DB,2005,Sunbury,20061201,Return
Ian R,CHRYSLER,VOYAGER,RG 05 UPGRADE LX,2004,Sunbury,20060920,Return
Cara Z,VOLVO,S60,05 UPGRADE 2.4 20V SE,2006,Sunbury,20060515,Pickup
Cara Z,VOLVO,S60,05 UPGRADE 2.4 20V SE,2006,Sunbury,20060523,Return
Xavier L,VOLVO,S60,05 UPGRADE 2.4 20V SE,2006,Sunbury,20060515,Return
Katelyn H,MERCEDES-BENZ,A190,W168 LWB ELEGANCE,2004,Sunbury,20060405,Pickup
Katelyn H,MERCEDES-BENZ,A190,W168 LWB ELEGANCE,2004,Sunbury,20060414,Return
Olivia B,MERCEDES-BENZ,A190,W168 LWB ELEGANCE,2004,Sunbury,20060405,Return
Katelyn H,MERCEDES-BENZ,SLK,R171 200K,2004,Sunbury,20060224,Pickup
Katelyn H,MERCEDES-BENZ,SLK,R171 200K,2004,Sunbury,20060313,Return
Xavier L,MERCEDES-BENZ,SLK,R171 200K,2004,Sunbury,20060224,Return
Leslie M,VOLKSWAGEN,JETTA,1KM 2.0 TDI,2006,Sunbury,20051115,Return
Sydney B,BMW,5,E39 30i SPORT,2002,Sunbury,20050917,Pickup
Sydney B,BMW,3,E36 16i OPEN AIR,1995,Sunbury,20050808,Pickup
Clarence R,BMW,3,E36 16i OPEN AIR,1995,Sunbury,20050808,Return
Dalton D,HONDA,ACCORD,40 VTi,2005,Warrnambool,20070221,Pickup
Dalton D,HONDA,ACCORD,40 VTi,2005,Warrnambool,20070228,Return
Caleb P,AUDI,A3,1.8,1999,Warrnambool,20070112,Pickup
Caleb P,AUDI,A3,1.8,1999,Warrnambool,20070116,Return
Frederick S,AUDI,A3,1.8,1999,Warrnambool,20070112,Return
Shannon A,AUDI,A3,1.8 TURBO,2004,Warrnambool,20061203,Pickup
Maurice G,MAZDA,323,ASTINA,1993,Warrnambool,20061024,Pickup
Maurice G,MAZDA,323,ASTINA,1993,Warrnambool,20061111,Return
Katrina B,MAZDA,323,ASTINA,1993,Warrnambool,20061024,Return
Rafael H,MAZDA,323,ASTINA,1993,Warrnambool,20060914,Pickup
Mya F,NISSAN,200,SX SPORTS LIMITED,1994,Warrnambool,20060626,Pickup
Gabrielle L,NISSAN,200,SX SPORTS LIMITED,1994,Warrnambool,20060626,Return
Cara Z,NISSAN,200,SX SPORTS,1996,Warrnambool,20060517,Pickup
Megan W,MERCEDES-BENZ,ML,W163 270 CDI 4x4,2002,Warrnambool,20060117,Pickup
Ian J,BMW,5,20i,1991,Warrnambool,20050810,Pickup
Curtis L,BMW,3,E46 18i EXECUTIVE,2001,,20050831,Pickup
Deanna M,BMW,3,E46 20i SPORT,2005,,20050728,Pickup
Ana P,BMW,3,E90 20i EXECUTIVE,2005,,20050721,Pickup
Curtis L,LAND ROVER,DISCOVERY,SERIES II,2003,,20050722,Return
Deanna M,LAND ROVER,DISCOVERY,Tdi 4x4,1994,,20050714,Pickup
